,symboling,CarName,fueltype,aspiration,doornumber,carbody,drivewheel,enginelocation,wheelbase,carlength,carwidth,carheight,carbweight,enginetype,cylindernumber,enginesize,fuelsystem,boreratio,stroke,compressionratio,horsepower,peakrpm,citympg,highwaympg
0,1.7434704321932961,-1.8293354644657005,-0.32879797461071497,-0.46929531772445277,-1.1303883305208782,3.2174099037993873,0.9339940817665022,-0.12186666955535823,-1.6907718018201774,-0.42652146835701304,-0.8447823517277104,-2.0204173044647122,-0.014566282137926123,1.6372777215625984,-0.35288699147728475,0.0744489251157203,-0.7600491210228537,0.5190713849456007,-1.839377336831407,-0.2883489098618655,0.17448277916253407,-0.2629602160773477,-0.6465530277621856,-0.5460587369032711
1,1.7434704321932961,-1.8293354644657005,-0.32879797461071497,-0.46929531772445277,-1.1303883305208782,3.2174099037993873,0.9339940817665022,-0.12186666955535823,-1.6907718018201774,-0.42652146835701304,-0.8447823517277104,-2.0204173044647122,-0.014566282137926123,1.6372777215625984,-0.35288699147728475,0.0744489251157203,-0.7600491210228537,0.5190713849456007,-1.839377336831407,-0.2883489098618655,0.17448277916253407,-0.2629602160773477,-0.6465530277621856,-0.5460587369032711
2,0.13350899705984703,-1.8293354644657005,-0.32879797461071497,-0.46929531772445277,-1.1303883305208782,0.1825830773628486,0.9339940817665022,-0.12186666955535823,-0.7085958764076113,-0.23151304680543727,-0.19056612143668694,-0.5435274761218468,0.5148819161377617,0.913911486820502,1.502031809877672,0.6040461684467903,-0.7600491210228537,-2.404880294774036,0.6859461601154123,-0.2883489098618655,1.2645364278639772,-0.2629602160773477,-0.9530116883199847,-0.6916270607851575
3,0.9384897146265716,-1.6941953670907568,-0.32879797461071497,-0.46929531772445277,0.8846517369293827,-0.8290258647826642,-0.7909499431175784,-0.12186666955535823,0.17369775150537034,0.2072559016856128,0.1365419937088248,0.23594215550355344,-0.4207974451785447,-0.5328209826636904,-0.35288699147728475,-0.43107571624575564,-0.7600491210228537,-0.5172659192588284,0.4621833186137945,-0.035972825318776304,-0.05366798451916333,0.7878554622044521,-0.18686503692548712,-0.10935376525761202
4,0.9384897146265716,-1.6941953670907568,-0.32879797461071497,-0.46929531772445277,0.8846517369293827,-0.8290258647826642,2.6589381066505826,-0.12186666955535823,0.1071095531723165,0.2072559016856128,0.23000145517897197,0.23594215550355344,0.5168071823133096,-0.5328209826636904,0.5745724092001936,0.21888453693328483,-0.7600491210228537,-0.5172659192588284,0.4621833186137945,-0.5407249944049548,0.2758831185766218,0.7878554622044521,-1.1062410185988842,-1.273900356312703
5,0.9384897146265716,-1.6941953670907568,-0.32879797461071497,-0.46929531772445277,-1.1303883305208782,-0.8290258647826642,-0.7909499431175784,-0.12186666955535823,0.17369775150537034,0.26413335797149096,0.18327172444389506,-0.2563544539440664,-0.0935021953353923,-0.5328209826636904,0.5745724092001936,0.21888453693328483,-0.7600491210228537,-0.5172659192588284,0.4621833186137945,-0.41453695213341013,0.14913269430901213,0.7878554622044521,-0.9530116883199847,-0.8371953846670438
6,0.13350899705984703,-1.6941953670907568,-0.32879797461071497,-0.46929531772445277,0.8846517369293827,-0.8290258647826642,-0.7909499431175784,-0.12186666955535823,1.1725207265011992,1.5154373962607788,2.566487991932618,0.8102881998591143,0.5553125058242687,-0.5328209826636904,0.5745724092001936,0.21888453693328483,-0.7600491210228537,-0.5172659192588284,0.4621833186137945,-0.41453695213341013,0.14913269430901213,0.7878554622044521,-0.9530116883199847,-0.8371953846670438
7,0.13350899705984703,-1.6941953670907568,-0.32879797461071497,-0.46929531772445277,0.8846517369293827,1.1941920195083613,-0.7909499431175784,-0.12186666955535823,1.1725207265011992,1.5154373962607788,2.566487991932618,0.8102881998591143,0.7670917851345438,-0.5328209826636904,0.5745724092001936,0.21888453693328483,-0.7600491210228537,-0.5172659192588284,0.4621833186137945,-0.41453695213341013,0.14913269430901213,0.7878554622044521,-0.9530116883199847,-0.8371953846670438
8,0.13350899705984703,-1.6941953670907568,-0.32879797461071497,2.130854415613732,0.8846517369293827,-0.8290258647826642,-0.7909499431175784,-0.12186666955535823,1.1725207265011992,1.5154373962607788,2.566487991932618,0.8923376347670494,1.021226920306874,-0.5328209826636904,0.5745724092001936,0.09852152708531438,-0.7600491210228537,-0.7393381987312061,0.4621833186137945,-0.4650121690420278,0.9096352399146702,0.7878554622044521,-1.2594703488777836,-1.5650370040764756
9,-0.6714717205068775,-1.6941953670907568,-0.32879797461071497,2.130854415613732,-1.1303883305208782,0.1825830773628486,2.6589381066505826,-0.12186666955535823,0.12375660275557937,0.3372615160533307,0.9309474162050657,-0.7076263459377201,0.9576931365137914,-0.5328209826636904,0.5745724092001936,0.09852152708531438,-0.7600491210228537,-0.7393381987312061,0.4621833186137945,-0.7931010789480439,1.4166369369851088,0.7878554622044521,-1.4126996791566833,-1.273900356312703
10,0.9384897146265716,-1.5590552697158133,-0.32879797461071497,-0.46929531772445277,-1.1303883305208782,-0.8290258647826642,0.9339940817665022,-0.12186666955535823,0.40675644567106467,0.22350660348157897,-0.5176742365821987,0.23594215550355344,-0.3091320069967633,-0.5328209826636904,-0.35288699147728475,-0.45514831821534973,-0.7600491210228537,0.6301075246817887,-1.4557838942572077,-0.3388241267704832,-0.07901806937268527,1.4183448691735319,-0.3400943672043866,-0.2549220891394984
11,-0.6714717205068775,-1.5590552697158133,-0.32879797461071497,-0.46929531772445277,0.8846517369293827,-0.8290258647826642,0.9339940817665022,-0.12186666955535823,0.40675644567106467,0.22350660348157897,-0.5176742365821987,0.23594215550355344,-0.3091320069967633,-0.5328209826636904,-0.35288699147728475,-0.45514831821534973,-0.7600491210228537,0.6301075246817887,-1.4557838942572077,-0.3388241267704832,-0.07901806937268527,1.4183448691735319,-0.3400943672043866,-0.2549220891394984
12,-0.6714717205068775,-1.5590552697158133,-0.32879797461071497,-0.46929531772445277,-1.1303883305208782,-0.8290258647826642,0.9339940817665022,-0.12186666955535823,0.40675644567106467,0.22350660348157897,-0.5176742365821987,0.23594215550355344,0.29732683830084267,-0.5328209826636904,1.502031809877672,0.8929173920819194,-0.7600491210228537,-0.07312136031407311,-0.20910520589105608,-0.2883489098618655,0.42798362769775344,-1.8391837335000474,-0.6465530277621856,-0.4004904130213847
13,-0.6714717205068775,-1.5590552697158133,-0.32879797461071497,-0.46929531772445277,0.8846517369293827,-0.8290258647826642,0.9339940817665022,-0.12186666955535823,0.40675644567106467,0.22350660348157897,-0.5176742365821987,0.23594215550355344,0.4032164779559802,-0.5328209826636904,1.502031809877672,0.8929173920819194,-0.7600491210228537,-0.07312136031407311,-0.20910520589105608,-0.2883489098618655,0.42798362769775344,-1.8391837335000474,-0.6465530277621856,-0.4004904130213847
14,0.13350899705984703,-1.5590552697158133,-0.32879797461071497,-0.46929531772445277,0.8846517369293827,-0.8290258647826642,0.9339940817665022,-0.12186666955535823,0.7896385860861319,1.214799413035431,0.46365010885433655,0.8102881998591143,0.9615436688648873,-0.5328209826636904,1.502031809877672,0.8929173920819194,-0.7600491210228537,-0.07312136031407311,-0.20910520589105608,-0.2883489098618655,0.42798362769775344,-1.8391837335000474,-0.7997823580410852,-0.8371953846670438
15,-0.6714717205068775,-1.5590552697158133,-0.32879797461071497,-0.46929531772445277,0.8846517369293827,-0.8290258647826642,0.9339940817665022,-0.12186666955535823,0.7896385860861319,1.214799413035431,0.46365010885433655,0.8102881998591143,1.2984652495857796,-0.5328209826636904,1.502031809877672,1.9761844807136535,-0.7600491210228537,1.074252083626544,0.43021719839927847,-0.5407249944049548,1.9743388037625915,0.5776923265480921,-1.4126996791566833,-1.273900356312703
16,-0.6714717205068775,-1.5590552697158133,-0.32879797461071497,-0.46929531772445277,-1.1303883305208782,-0.8290258647826642,0.9339940817665022,-0.12186666955535823,0.7896385860861319,1.604816256138587,0.9309474162050657,-0.010206149220255032,1.587255175917973,-0.5328209826636904,1.502031809877672,1.9761844807136535,-0.7600491210228537,1.074252083626544,0.43021719839927847,-0.5407249944049548,1.9743388037625915,0.5776923265480921,-1.4126996791566833,-1.273900356312703
17,-0.6714717205068775,-1.5590552697158133,-0.32879797461071497,-0.46929531772445277,0.8846517369293827,-0.8290258647826642,0.9339940817665022,-0.12186666955535823,1.87169680899828,1.864827484874023,2.332839338257253,1.0564365045829227,1.8279134478614674,-0.5328209826636904,1.502031809877672,1.9761844807136535,-0.7600491210228537,1.074252083626544,0.43021719839927847,-0.5407249944049548,1.9743388037625915,0.5776923265480921,-1.5659290094355827,-1.5650370040764756
18,0.9384897146265716,-1.288775074965926,-0.32879797461071497,-0.46929531772445277,-1.1303883305208782,0.1825830773628486,-0.7909499431175784,-0.12186666955535823,-1.724065900986703,-2.677243667098139,-2.62051211966048,-0.21532973649009735,-2.055348428218759,2.3606439563046946,-1.280346392154763,-1.586560610786272,0.007488168680028122,-1.5536032234632557,-0.7205631293233238,-0.16216086759032092,-1.4225725666093478,-0.052797080420987755,3.3374095594892017,3.238717684025774
19,0.13350899705984703,-1.288775074965926,-0.32879797461071497,-0.46929531772445277,-1.1303883305208782,0.1825830773628486,-0.7909499431175784,-0.12186666955535823,-0.7085958764076113,-1.4746917341967432,-1.0784310054030717,-0.7076263459377201,-1.3121956844572482,-0.5328209826636904,-0.35288699147728475,-0.8884551536680434,0.007488168680028122,-1.1094586645185023,-0.46483416760718993,-0.13692325913601208,-0.8648706998318653,0.5776923265480921,1.958345586979106,1.7830344452069105
20,-0.6714717205068775,-1.288775074965926,-0.32879797461071497,-0.46929531772445277,0.8846517369293827,-0.8290258647826642,-0.7909499431175784,-0.12186666955535823,-0.7085958764076113,-1.239056558155253,-1.0784310054030717,-0.7076263459377201,-1.2448113683130697,-0.5328209826636904,-0.35288699147728475,-0.8884551536680434,0.007488168680028122,-1.1094586645185023,-0.46483416760718993,-0.13692325913601208,-0.8648706998318653,0.5776923265480921,1.958345586979106,1.7830344452069105
21,0.13350899705984703,-1.1536349775909822,-0.32879797461071497,-0.46929531772445277,-1.1303883305208782,0.1825830773628486,-0.7909499431175784,-0.12186666955535823,-0.8417722730737214,-1.360936821624989,-0.9849715439329279,-1.1999229553853428,-1.3083451521061522,-0.5328209826636904,-0.35288699147728475,-0.8884551536680434,0.007488168680028122,-1.3315309439908782,-0.08124072503298917,-0.1848747151991989,-0.9155708695389091,0.7878554622044521,1.8051162567002066,1.4918977974431378
22,0.13350899705984703,-1.1536349775909822,-0.32879797461071497,-0.46929531772445277,-1.1303883305208782,0.1825830773628486,-0.7909499431175784,-0.12186666955535823,-0.8417722730737214,-1.360936821624989,-0.9849715439329279,-1.1999229553853428,-1.3083451521061522,-0.5328209826636904,-0.35288699147728475,-0.8884551536680434,0.007488168680028122,-1.3315309439908782,-0.08124072503298917,-0.18739847604462975,-0.9155708695389091,0.7878554622044521,0.8857402750268095,1.0551928257974788
23,0.13350899705984703,-1.1536349775909822,-0.32879797461071497,2.130854415613732,-1.1303883305208782,0.1825830773628486,-0.7909499431175784,-0.12186666955535823,-0.8417722730737214,-1.360936821624989,-0.9849715439329279,-1.1999229553853428,-0.8231780758680675,-0.5328209826636904,-0.35288699147728475,-0.6958743379112906,-0.7600491210228537,-1.1094586645185023,0.43021719839927847,-0.6416754282221906,-0.05366798451916333,0.7878554622044521,-0.18686503692548712,-0.10935376525761202
24,0.13350899705984703,-1.1536349775909822,-0.32879797461071497,-0.46929531772445277,0.8846517369293827,0.1825830773628486,-0.7909499431175784,-0.12186666955535823,-0.8417722730737214,-1.360936821624989,-0.9849715439329279,-1.281972390293278,-1.1331459301312883,-0.5328209826636904,-0.35288699147728475,-0.8884551536680434,0.007488168680028122,-1.3315309439908782,-0.08124072503298917,-0.18739847604462975,-0.9155708695389091,0.7878554622044521,0.8857402750268095,1.0551928257974788
25,0.13350899705984703,-1.1536349775909822,-0.32879797461071497,-0.46929531772445277,0.8846517369293827,-0.8290258647826642,-0.7909499431175784,-0.12186666955535823,-0.8417722730737214,-1.360936821624989,-0.9849715439329279,-1.281972390293278,-1.0907900742692331,-0.5328209826636904,-0.35288699147728475,-0.8884551536680434,0.007488168680028122,-1.3315309439908782,-0.08124072503298917,-0.18739847604462975,-0.9155708695389091,0.7878554622044521,0.8857402750268095,1.0551928257974788
26,0.13350899705984703,-1.1536349775909822,-0.32879797461071497,-0.46929531772445277,0.8846517369293827,-0.8290258647826642,-0.7909499431175784,-0.12186666955535823,-0.8417722730737214,-1.360936821624989,-0.9849715439329279,-1.281972390293278,-1.0907900742692331,-0.5328209826636904,-0.35288699147728475,-0.8884551536680434,0.007488168680028122,-1.3315309439908782,-0.08124072503298917,-0.18739847604462975,-0.9155708695389091,0.7878554622044521,0.8857402750268095,1.0551928257974788
27,0.13350899705984703,-1.1536349775909822,-0.32879797461071497,2.130854415613732,-1.1303883305208782,-0.8290258647826642,-0.7909499431175784,-0.12186666955535823,-0.8417722730737214,-1.360936821624989,-0.9849715439329279,-1.281972390293278,-0.7018863068085462,-0.5328209826636904,-0.35288699147728475,-0.6958743379112906,-0.7600491210228537,-1.1094586645185023,0.43021719839927847,-0.6416754282221906,-0.05366798451916333,0.7878554622044521,-0.18686503692548712,-0.10935376525761202
28,-1.476452438073602,-1.1536349775909822,-0.32879797461071497,-0.46929531772445277,0.8846517369293827,1.1941920195083613,-0.7909499431175784,-0.12186666955535823,0.7563444869196039,0.04474888372596479,-0.6111336980523459,2.492301615471819,-0.039594742420049546,-0.5328209826636904,-0.35288699147728475,-0.11813189064103245,0.007488168680028122,0.0379147794221149,0.6539800399008949,-0.41453695213341013,-0.4085691724684704,-0.2629602160773477,-0.18686503692548712,-0.10935376525761202
29,1.7434704321932961,-1.1536349775909822,-0.32879797461071497,2.130854415613732,-1.1303883305208782,0.1825830773628486,-0.7909499431175784,-0.12186666955535823,-0.475537182241917,-0.06900602884578928,0.18327172444389506,-1.4460712601091512,0.49177872203118617,-0.5328209826636904,-0.35288699147728475,0.7003365763251667,4.612711906897319,1.0002279904690847,2.0604893293396294,-0.7931010789480439,1.03638566418228,-0.2629602160773477,-0.9530116883199847,-0.9827637085489301
30,0.9384897146265716,-1.0184948802160387,-0.32879797461071497,-0.46929531772445277,-1.1303883305208782,0.1825830773628486,-0.7909499431175784,-0.12186666955535823,-2.0237127934854535,-2.3928563856687552,-0.9382418131978543,-1.1999229553853428,-1.622163538720469,-0.5328209826636904,-0.35288699147728475,-0.8403099497288552,1.5425627480857917,-1.5536032234632557,0.4941494388283119,-0.13692325913601208,-1.1690717180741284,-0.6832864873900676,3.643868220047001,3.3842860079076607
31,0.9384897146265716,-1.0184948802160387,-0.32879797461071497,-0.46929531772445277,-1.1303883305208782,0.1825830773628486,-0.7909499431175784,-0.12186666955535823,-2.0237127934854535,-2.3928563856687552,-0.9382418131978543,-1.1999229553853428,-1.4180853241123856,-0.5328209826636904,-0.35288699147728475,-0.8403099497288552,1.5425627480857917,-1.5536032234632557,0.4941494388283119,-0.23787369295324787,-0.7127701907107337,1.838671140486252,0.8857402750268095,1.0551928257974788
32,0.13350899705984703,-1.0184948802160387,-0.32879797461071497,-0.46929531772445277,-1.1303883305208782,0.1825830773628486,-0.7909499431175784,-0.12186666955535823,-0.8417722730737214,-1.9540874371777053,-0.8915120824627807,-0.46147804121390873,-1.3834305329525225,-0.5328209826636904,-0.35288699147728475,-1.1532537753335783,1.5425627480857917,-1.5536032234632557,-0.5926986484652568,-0.010735216864467472,-1.1183715483670846,0.7878554622044521,1.958345586979106,1.6374661213250241
33,0.13350899705984703,-1.0184948802160387,-0.32879797461071497,-0.46929531772445277,-1.1303883305208782,0.1825830773628486,-0.7909499431175784,-0.12186666955535823,-0.8417722730737214,-1.9540874371777053,-0.8915120824627807,-0.46147804121390873,-1.185128116871083,-0.5328209826636904,-0.35288699147728475,-0.8403099497288552,1.5425627480857917,-1.5536032234632557,0.4941494388283119,-0.23787369295324787,-0.7127701907107337,1.838671140486252,0.73251094474791,0.4729195302699334
34,0.13350899705984703,-1.0184948802160387,-0.32879797461071497,-0.46929531772445277,-1.1303883305208782,0.1825830773628486,-0.7909499431175784,-0.12186666955535823,-0.8417722730737214,-1.9540874371777053,-0.8915120824627807,-0.46147804121390873,-1.1543238580623159,-0.5328209826636904,-0.35288699147728475,-0.8403099497288552,1.5425627480857917,-1.5536032234632557,0.4941494388283119,-0.23787369295324787,-0.7127701907107337,1.838671140486252,0.73251094474791,0.4729195302699334
35,-0.6714717205068775,-1.0184948802160387,-0.32879797461071497,-0.46929531772445277,0.8846517369293827,-0.8290258647826642,-0.7909499431175784,-0.12186666955535823,-0.37565488474233505,-0.8652904168480631,-0.8915120824627807,0.3179915904114915,-1.0503594845827262,-0.5328209826636904,-0.35288699147728475,-0.8403099497288552,1.5425627480857917,-1.5536032234632557,0.4941494388283119,-0.23787369295324787,-0.7127701907107337,1.838671140486252,0.73251094474791,0.4729195302699334
36,-0.6714717205068775,-1.0184948802160387,-0.32879797461071497,-0.46929531772445277,0.8846517369293827,1.1941920195083613,-0.7909499431175784,-0.12186666955535823,-0.37565488474233505,-1.3771875234209552,-0.9382418131978543,1.876930853662292,-1.0234057581250549,-0.5328209826636904,-0.35288699147728475,-0.8403099497288552,1.5425627480857917,-1.516591176884527,0.4941494388283119,-0.23787369295324787,-0.7127701907107337,1.838671140486252,0.73251094474791,0.4729195302699334
37,-0.6714717205068775,-1.0184948802160387,-0.32879797461071497,-0.46929531772445277,-1.1303883305208782,0.1825830773628486,-0.7909499431175784,-0.12186666955535823,-0.37565488474233505,-0.5321510300307851,-0.33075531364190436,-0.17430501903613121,-0.6152493289088883,-0.5328209826636904,-0.35288699147728475,-0.40700311427616154,1.5425627480857917,-0.6653141055737468,1.0375734824750955,-0.2883489098618655,-0.4592693421755143,1.4183448691735319,0.2728229539112114,0.32735120638804704
38,-0.6714717205068775,-1.0184948802160387,-0.32879797461071497,-0.46929531772445277,-1.1303883305208782,0.1825830773628486,-0.7909499431175784,-0.12186666955535823,-0.37565488474233505,-0.5321510300307851,-0.33075531364190436,-0.17430501903613121,-0.5132102216048466,-0.5328209826636904,-0.35288699147728475,-0.40700311427616154,1.5425627480857917,-0.6653141055737468,1.0375734824750955,-0.2883489098618655,-0.4592693421755143,1.4183448691735319,0.2728229539112114,0.32735120638804704
39,-0.6714717205068775,-1.0184948802160387,-0.32879797461071497,-0.46929531772445277,0.8846517369293827,-0.8290258647826642,-0.7909499431175784,-0.12186666955535823,-0.37565488474233505,0.10975169090982491,-0.33075531364190436,0.15389272059561823,-0.4843312289716273,-0.5328209826636904,-0.35288699147728475,-0.40700311427616154,1.5425627480857917,-0.6653141055737468,1.0375734824750955,-0.2883489098618655,-0.4592693421755143,1.4183448691735319,0.2728229539112114,0.32735120638804704
40,-0.6714717205068775,-1.0184948802160387,-0.32879797461071497,-0.46929531772445277,0.8846517369293827,-0.8290258647826642,-0.7909499431175784,-0.12186666955535823,-0.37565488474233505,0.10975169090982491,-1.5924580434888744,0.15389272059561823,-0.3534131290343663,-0.5328209826636904,-0.35288699147728475,-0.40700311427616154,1.5425627480857917,-0.6653141055737468,1.0375734824750955,-0.2883489098618655,-0.4592693421755143,1.4183448691735319,0.2728229539112114,0.32735120638804704
41,-0.6714717205068775,-1.0184948802160387,-0.32879797461071497,-0.46929531772445277,0.8846517369293827,-0.8290258647826642,-0.7909499431175784,-0.12186666955535823,-0.37565488474233505,0.10975169090982491,-0.33075531364190436,0.15389272059561823,-0.17436337470840643,-0.5328209826636904,-0.35288699147728475,-0.40700311427616154,-0.7600491210228537,-0.6653141055737468,1.0375734824750955,-0.2883489098618655,-0.07901806937268527,1.4183448691735319,-0.18686503692548712,-0.4004904130213847
42,0.13350899705984703,-1.0184948802160387,-0.32879797461071497,-0.46929531772445277,-1.1303883305208782,-0.8290258647826642,-0.7909499431175784,-0.12186666955535823,-0.37565488474233505,-0.4021454156630672,0.04308253223867764,-1.1178735204774048,-0.5055091569026547,-0.5328209826636904,-0.35288699147728475,-0.40700311427616154,0.007488168680028122,-0.6653141055737468,1.0375734824750955,-0.2631113014075567,-0.1043681542262072,0.7878554622044521,-0.03363570664658759,0.03621455862427433
43,-0.6714717205068775,-0.883354782841095,-0.32879797461071497,-0.46929531772445277,0.8846517369293827,-0.8290258647826642,0.9339940817665022,-0.12186666955535823,-0.7418899755741394,-0.27213980129534926,-1.9195661586343862,-0.09225558412819312,-0.4207974451785447,-0.5328209826636904,-0.35288699147728475,-0.38293051230656744,0.007488168680028122,-0.07312136031407311,-0.08124072503298917,-0.41453695213341013,-0.6620700210036897,-0.6832864873900676,-0.18686503692548712,-0.2549220891394984
44,0.13350899705984703,-0.883354782841095,-0.32879797461071497,-0.46929531772445277,-1.1303883305208782,-0.8290258647826642,-0.7909499431175784,-0.12186666955535823,-0.7085958764076113,-1.4746917341967432,-1.0784310054030717,-0.7076263459377201,-1.3121956844572482,-0.5328209826636904,-0.35288699147728475,-0.8884551536680434,0.007488168680028122,-1.1094586645185023,-0.46483416760718993,-0.13692325913601208,-0.8648706998318653,0.5776923265480921,1.958345586979106,1.7830344452069105
45,-0.6714717205068775,-0.883354782841095,-0.32879797461071497,-0.46929531772445277,0.8846517369293827,-0.8290258647826642,-0.7909499431175784,-0.12186666955535823,-0.7085958764076113,-1.4746917341967432,-1.0784310054030717,-0.7076263459377201,-1.2448113683130697,-0.5328209826636904,-0.35288699147728475,-0.8884551536680434,0.007488168680028122,-1.1094586645185023,-0.46483416760718993,-0.13692325913601208,-0.8648706998318653,0.5776923265480921,1.958345586979106,1.7830344452069105
46,0.9384897146265716,-0.883354782841095,-0.32879797461071497,-0.46929531772445277,-1.1303883305208782,0.1825830773628486,0.9339940817665022,-0.12186666955535823,-0.45889013265865414,-0.11775813423368321,-0.33075531364190436,-0.9537746506615314,0.3435332265139936,-0.5328209826636904,-0.35288699147728475,-0.19034969654981473,3.8451746171944374,0.3710231986306822,-0.08124072503298917,-0.23787369295324787,-0.3578690027614265,-0.2629602160773477,-0.18686503692548712,-0.2549220891394984
47,-0.6714717205068775,-0.7482146854661514,-0.32879797461071497,-0.46929531772445277,0.8846517369293827,-0.8290258647826642,0.9339940817665022,-0.12186666955535823,2.3711082964961943,2.0760866082215648,1.7253528387013,-0.3794286063059735,2.9079877723438705,1.6372777215625984,1.502031809877672,3.155741977223764,-0.7600491210228537,1.1112641302052728,2.9235745751315805,-0.5154873859506459,1.8222382946414597,-0.7883680552182476,-1.5659290094355827,-1.710605327958362
48,-0.6714717205068775,-0.7482146854661514,-0.32879797461071497,-0.46929531772445277,0.8846517369293827,-0.8290258647826642,0.9339940817665022,-0.12186666955535823,2.3711082964961943,2.0760866082215648,1.7253528387013,-0.3794286063059735,2.9079877723438705,1.6372777215625984,1.502031809877672,3.155741977223764,-0.7600491210228537,1.1112641302052728,2.9235745751315805,-0.5154873859506459,1.8222382946414597,-0.7883680552182476,-1.5659290094355827,-1.710605327958362
49,-0.6714717205068775,-0.7482146854661514,-0.32879797461071497,-0.46929531772445277,-1.1303883305208782,-0.8290258647826642,0.9339940817665022,-0.12186666955535823,0.5399328423371748,1.4341838872809547,2.192650146052029,-2.4306644790043967,2.6846568959803077,0.913911486820502,7.066788213942542,4.7926789111561625,-0.7600491210228537,0.7781557109967071,-1.5836483751152748,0.34259130149585754,4.002345592044346,-0.2629602160773477,-1.8723876699933817,-2.0017419757221346
50,0.13350899705984703,-0.6130745880912077,-0.32879797461071497,-0.46929531772445277,-1.1303883305208782,0.1825830773628486,-0.7909499431175784,-0.12186666955535823,-0.9416545705733057,-1.2146805054613072,-0.7980526209926335,0.15389272059561823,-1.2813914256484809,-0.5328209826636904,-0.35288699147728475,-0.8643825516984494,0.007488168680028122,-1.1094586645185023,-0.336969686749123,-0.2883489098618655,-0.9155708695389091,-0.2629602160773477,0.73251094474791,0.03621455862427433
51,0.13350899705984703,-0.6130745880912077,-0.32879797461071497,-0.46929531772445277,-1.1303883305208782,0.1825830773628486,-0.7909499431175784,-0.12186666955535823,-0.9416545705733057,-1.2146805054613072,-0.7980526209926335,0.15389272059561823,-1.2621387638930013,-0.5328209826636904,-0.35288699147728475,-0.8643825516984494,0.007488168680028122,-1.1094586645185023,-0.336969686749123,-0.2883489098618655,-0.9155708695389091,-0.2629602160773477,0.8857402750268095,1.0551928257974788
52,0.13350899705984703,-0.47793449071626415,-0.32879797461071497,-0.46929531772445277,-1.1303883305208782,0.1825830773628486,-0.7909499431175784,-0.12186666955535823,-0.9416545705733057,-1.2146805054613072,-0.7980526209926335,0.15389272059561823,-1.2525124330152615,-0.5328209826636904,-0.35288699147728475,-0.8643825516984494,0.007488168680028122,-1.1094586645185023,-0.336969686749123,-0.2883489098618655,-0.9155708695389091,-0.2629602160773477,0.8857402750268095,1.0551928257974788
53,0.13350899705984703,-0.47793449071626415,-0.32879797461071497,-0.46929531772445277,0.8846517369293827,-0.8290258647826642,-0.7909499431175784,-0.12186666955535823,-0.9416545705733057,-0.589028486316661,-0.7980526209926335,0.15389272059561823,-1.1755017859933432,-0.5328209826636904,-0.35288699147728475,-0.8643825516984494,0.007488168680028122,-1.1094586645185023,-0.336969686749123,-0.2883489098618655,-0.9155708695389091,-0.2629602160773477,0.8857402750268095,1.0551928257974788
54,0.13350899705984703,-0.47793449071626415,-0.32879797461071497,-0.46929531772445277,0.8846517369293827,-0.8290258647826642,-0.7909499431175784,-0.12186666955535823,-0.9416545705733057,-0.589028486316661,-0.7980526209926335,0.15389272059561823,-1.1658754551156034,-0.5328209826636904,-0.35288699147728475,-0.8643825516984494,0.007488168680028122,-0.9243984316248534,-0.336969686749123,-0.2883489098618655,-0.9155708695389091,-0.2629602160773477,0.8857402750268095,1.0551928257974788
55,1.7434704321932961,-0.47793449071626415,-0.32879797461071497,-0.46929531772445277,-1.1303883305208782,0.1825830773628486,0.9339940817665022,-0.12186666955535823,-0.5754194797415013,-0.41027076656104916,-0.09710665996653978,-1.6922195648329628,-0.33801099962998266,3.084010191046791,-2.207805792832241,-1.3699071930599251,3.0776373274915554,0.0009027328433861145,-0.0013254244966976996,-0.18739847604462975,-0.07901806937268527,1.838671140486252,-1.2594703488777836,-1.1283320324308166
56,1.7434704321932961,-0.47793449071626415,-0.32879797461071497,-0.46929531772445277,-1.1303883305208782,0.1825830773628486,0.9339940817665022,-0.12186666955535823,-0.5754194797415013,-0.41027076656104916,-0.09710665996653978,-1.6922195648329628,-0.33801099962998266,3.084010191046791,-2.207805792832241,-1.3699071930599251,3.0776373274915554,0.0009027328433861145,-0.0013254244966976996,-0.18739847604462975,-0.07901806937268527,1.838671140486252,-1.2594703488777836,-1.1283320324308166
57,1.7434704321932961,-0.47793449071626415,-0.32879797461071497,-0.46929531772445277,-1.1303883305208782,0.1825830773628486,0.9339940817665022,-0.12186666955535823,-0.5754194797415013,-0.41027076656104916,-0.09710665996653978,-1.6922195648329628,-0.32838466875224287,3.084010191046791,-2.207805792832241,-1.3699071930599251,3.0776373274915554,0.0009027328433861145,-0.0013254244966976996,-0.18739847604462975,-0.07901806937268527,1.838671140486252,-1.2594703488777836,-1.1283320324308166
58,1.7434704321932961,-0.47793449071626415,-0.32879797461071497,-0.46929531772445277,-1.1303883305208782,0.1825830773628486,0.9339940817665022,-0.12186666955535823,-0.5754194797415013,-0.41027076656104916,-0.09710665996653978,-1.6922195648329628,-0.10697905856422799,3.084010191046791,-2.207805792832241,-1.1291811733639843,-0.7600491210228537,0.0009027328433861145,-0.0013254244966976996,-0.18739847604462975,0.7828848156470605,1.838671140486252,-1.4126996791566833,-1.1283320324308166
59,0.13350899705984703,-0.47793449071626415,-0.32879797461071497,-0.46929531772445277,-1.1303883305208782,0.1825830773628486,-0.7909499431175784,-0.12186666955535823,0.007227255672732204,0.304760112461403,0.2767311859140422,-0.010206149220255032,-0.32838466875224287,-0.5328209826636904,-0.35288699147728475,-0.11813189064103245,0.007488168680028122,0.22297501231576378,0.43021719839927847,-0.3892993436791013,-0.5099695118825581,-0.6832864873900676,0.11959362363231192,0.18178288250616068
60,-0.6714717205068775,-0.47793449071626415,-0.32879797461071497,-0.46929531772445277,0.8846517369293827,-0.8290258647826642,-0.7909499431175784,-0.12186666955535823,0.007227255672732204,0.304760112461403,0.2767311859140422,0.7282387649511761,-0.280253014363544,-0.5328209826636904,-0.35288699147728475,-0.11813189064103245,0.007488168680028122,0.22297501231576378,0.43021719839927847,-0.3892993436791013,-0.5099695118825581,-0.6832864873900676,0.11959362363231192,0.18178288250616068
61,0.13350899705984703,-0.47793449071626415,-0.32879797461071497,-0.46929531772445277,-1.1303883305208782,0.1825830773628486,-0.7909499431175784,-0.12186666955535823,0.007227255672732204,0.304760112461403,0.2767311859140422,-0.010206149220255032,-0.32838466875224287,-0.5328209826636904,-0.35288699147728475,-0.11813189064103245,0.007488168680028122,0.22297501231576378,0.43021719839927847,-0.3892993436791013,-0.5099695118825581,-0.6832864873900676,0.11959362363231192,0.18178288250616068
62,-0.6714717205068775,-0.47793449071626415,-0.32879797461071497,-0.46929531772445277,0.8846517369293827,-0.8290258647826642,-0.7909499431175784,-0.12186666955535823,0.007227255672732204,0.304760112461403,0.2767311859140422,0.7282387649511761,-0.280253014363544,-0.5328209826636904,-0.35288699147728475,-0.11813189064103245,0.007488168680028122,0.22297501231576378,0.43021719839927847,-0.3892993436791013,-0.5099695118825581,-0.6832864873900676,0.11959362363231192,0.18178288250616068
63,-0.6714717205068775,-0.47793449071626415,3.0413812651491106,-0.46929531772445277,0.8846517369293827,-0.8290258647826642,-0.7909499431175784,-0.12186666955535823,0.007227255672732204,0.304760112461403,0.2767311859140422,0.7282387649511761,-0.21671923057046144,-0.5328209826636904,-0.35288699147728475,-0.11813189064103245,0.7750254583829099,0.22297501231576378,0.43021719839927847,3.1692034483784566,-1.0169712089529968,-0.9985311908746076,1.651886926421307,1.6374661213250241
64,-0.6714717205068775,-0.47793449071626415,-0.32879797461071497,-0.46929531772445277,0.8846517369293827,0.1825830773628486,-0.7909499431175784,-0.12186666955535823,0.007227255672732204,0.304760112461403,0.2767311859140422,0.7282387649511761,-0.25137402173032464,-0.5328209826636904,-0.35288699147728475,-0.11813189064103245,0.007488168680028122,0.22297501231576378,0.43021719839927847,-0.3892993436791013,-0.5099695118825581,-0.6832864873900676,0.11959362363231192,0.18178288250616068
65,-0.6714717205068775,-0.47793449071626415,-0.32879797461071497,-0.46929531772445277,0.8846517369293827,-0.8290258647826642,0.9339940817665022,-0.12186666955535823,1.0226972802518264,0.07725028731789485,0.0898122629737479,0.2769668729575225,0.22031619127892443,-0.5328209826636904,-0.35288699147728475,0.3151749448116612,-0.7600491210228537,1.5924207357287568,-0.30500356653460553,-0.5407249944049548,0.4026335428442315,-0.2629602160773477,-0.9530116883199847,-0.5460587369032711
66,-0.6714717205068775,-0.47793449071626415,3.0413812651491106,-0.46929531772445277,0.8846517369293827,-0.8290258647826642,0.9339940817665022,-0.12186666955535823,1.0226972802518264,0.07725028731789485,0.0898122629737479,0.2769668729575225,0.2780741765453631,-0.5328209826636904,-0.35288699147728475,0.17073933299409666,0.7750254583829099,0.3710231986306822,1.229370203762196,2.9925401891982943,-0.8141705301248213,-1.9442653013282274,0.8857402750268095,1.200761149679365
67,-1.476452438073602,-1.4239151723408696,3.0413812651491106,2.130854415613732,0.8846517369293827,-0.8290258647826642,0.9339940817665022,-0.12186666955535823,1.87169680899828,1.369181080097097,2.0524609538468117,1.1384859394908609,1.847166109616947,-0.5328209826636904,0.5745724092001936,1.3502968295042073,0.7750254583829099,0.9262038973116256,1.229370203762196,2.86635214692675,0.4786837974047973,-1.6290205978436874,-0.49332369748328614,-0.8371953846670438
68,-1.476452438073602,-1.4239151723408696,3.0413812651491106,2.130854415613732,0.8846517369293827,1.1941920195083613,0.9339940817665022,-0.12186666955535823,1.87169680899828,1.369181080097097,2.0524609538468117,2.041029723478168,2.299603660870716,-0.5328209826636904,0.5745724092001936,1.3502968295042073,0.7750254583829099,0.9262038973116256,1.229370203762196,2.86635214692675,0.4786837974047973,-1.6290205978436874,-0.49332369748328614,-0.8371953846670438
69,-0.6714717205068775,-1.4239151723408696,3.0413812651491106,2.130854415613732,-1.1303883305208782,2.2058009616538743,0.9339940817665022,-0.12186666955535823,1.3223441727505745,1.092919149565695,2.0524609538468117,0.4820904602273648,1.8086607861059878,-0.5328209826636904,0.5745724092001936,1.3502968295042073,0.7750254583829099,0.9262038973116256,1.229370203762196,2.86635214692675,0.4786837974047973,-1.6290205978436874,-0.49332369748328614,-0.8371953846670438
70,-1.476452438073602,-1.4239151723408696,3.0413812651491106,2.130854415613732,0.8846517369293827,-0.8290258647826642,0.9339940817665022,-0.12186666955535823,2.8039315856610525,2.319847135161037,2.706677184137835,1.0564365045829227,2.3381089843816754,-0.5328209826636904,0.5745724092001936,1.3502968295042073,0.7750254583829099,0.9262038973116256,1.229370203762196,2.86635214692675,0.4786837974047973,-1.6290205978436874,-0.49332369748328614,-0.8371953846670438
71,-1.476452438073602,-1.4239151723408696,-0.32879797461071497,-0.46929531772445277,0.8846517369293827,-0.8290258647826642,0.9339940817665022,-0.12186666955535823,2.8039315856610525,2.319847135161037,2.706677184137835,1.1384859394908609,2.2803509991152366,0.913911486820502,3.3569506112326284,2.5779995299535057,-0.7600491210228537,0.4820593383668702,-0.49680028782170593,-0.4650121690420278,1.2898865127174992,-0.7883680552182476,-1.4126996791566833,-1.8561736518402483
72,1.7434704321932961,-1.4239151723408696,-0.32879797461071497,-0.46929531772445277,-1.1303883305208782,3.2174099037993873,0.9339940817665022,-0.12186666955535823,-0.3590078351590722,0.507893884910963,2.145920415316959,-1.1999229553853428,2.1744613594600994,0.913911486820502,3.3569506112326284,2.5779995299535057,-0.7600491210228537,0.4820593383668702,-0.49680028782170593,-0.4650121690420278,1.2898865127174992,-0.7883680552182476,-1.4126996791566833,-1.8561736518402483
73,-0.6714717205068775,-1.4239151723408696,-0.32879797461071497,-0.46929531772445277,0.8846517369293827,-0.8290258647826642,0.9339940817665022,-0.12186666955535823,3.6862252135740365,2.766741434550069,2.706677184137835,1.220535374398799,2.58839358720291,0.913911486820502,3.3569506112326284,4.359372075703469,-0.7600491210228537,1.7404689220436753,0.30235271754121157,-0.5407249944049548,2.0250389734696355,-1.3137758943591475,-1.7191583397144823,-2.1473102996040208
74,0.13350899705984703,-1.4239151723408696,-0.32879797461071497,-0.46929531772445277,-1.1303883305208782,2.2058009616538743,0.9339940817665022,-0.12186666955535823,2.2046378006635563,2.0435852046296348,2.8468663763430526,0.6872140474972072,2.2322193447265377,0.913911486820502,3.3569506112326284,4.263081667825093,-0.7600491210228537,1.7404689220436753,0.30235271754121157,-0.5407249944049548,2.0250389734696355,-1.3137758943591475,-1.7191583397144823,-2.1473102996040208
75,0.13350899705984703,-0.3427943933413205,-0.32879797461071497,2.130854415613732,-1.1303883305208782,0.1825830773628486,0.9339940817665022,-0.12186666955535823,0.6564621894200219,0.35351221784929693,0.977677146940136,0.4410657427733958,0.6823800734104337,-0.5328209826636904,-0.35288699147728475,0.3151749448116612,-0.7600491210228537,1.6664448288862161,-0.4328680473926725,-0.5407249944049548,1.796888209787938,-0.2629602160773477,-0.9530116883199847,-0.9827637085489301
76,0.9384897146265716,-0.20765429596637686,-0.32879797461071497,-0.46929531772445277,-1.1303883305208782,0.1825830773628486,-0.7909499431175784,-0.12186666955535823,-0.8417722730737214,-1.360936821624989,-0.7045931595224864,-1.1999229553853428,-1.2274839727331381,-0.5328209826636904,-0.35288699147728475,-0.8403099497288552,0.007488168680028122,-1.3315309439908782,-0.08124072503298917,-0.18739847604462975,-0.9155708695389091,0.7878554622044521,1.8051162567002066,1.4918977974431378
77,0.9384897146265716,-0.20765429596637686,-0.32879797461071497,-0.46929531772445277,-1.1303883305208782,0.1825830773628486,-0.7909499431175784,-0.12186666955535823,-0.8417722730737214,-1.360936821624989,-0.7045931595224864,-1.1999229553853428,-1.1774270521688912,-0.5328209826636904,-0.35288699147728475,-0.8403099497288552,0.007488168680028122,-1.3315309439908782,-0.08124072503298917,-0.18739847604462975,-0.9155708695389091,0.7878554622044521,0.8857402750268095,1.0551928257974788
78,0.9384897146265716,-0.20765429596637686,-0.32879797461071497,-0.46929531772445277,-1.1303883305208782,0.1825830773628486,-0.7909499431175784,-0.12186666955535823,-0.8417722730737214,-1.360936821624989,-0.7045931595224864,-1.1999229553853428,-1.061911081636014,-0.5328209826636904,-0.35288699147728475,-0.8403099497288552,0.007488168680028122,-1.3315309439908782,-0.08124072503298917,-0.18739847604462975,-0.9155708695389091,0.7878554622044521,0.8857402750268095,1.0551928257974788
79,0.13350899705984703,-0.20765429596637686,-0.32879797461071497,2.130854415613732,-1.1303883305208782,0.1825830773628486,-0.7909499431175784,-0.12186666955535823,-0.9583016201565685,-1.360936821624989,-0.9849715439329279,-1.1999229553853428,-0.7904485508837522,-0.5328209826636904,-0.35288699147728475,-0.6958743379112906,2.310100037788674,-1.1094586645185023,0.43021719839927847,-0.6416754282221906,-0.05366798451916333,0.7878554622044521,-0.18686503692548712,-0.10935376525761202
80,1.7434704321932961,-0.20765429596637686,-0.32879797461071497,2.130854415613732,-1.1303883305208782,0.1825830773628486,-0.7909499431175784,-0.12186666955535823,-0.40894898390886314,-0.08525673064175315,-0.2372958521717572,-1.7742689997409007,-0.3572636613854622,-0.5328209826636904,-0.35288699147728475,-0.40700311427616154,2.310100037788674,-0.5912900124162876,0.6539800399008949,-0.6669130366764994,0.30123320343014376,0.7878554622044521,-0.3400943672043866,-0.10935376525761202
81,1.7434704321932961,-0.20765429596637686,-0.32879797461071497,-0.46929531772445277,-1.1303883305208782,0.1825830773628486,-0.7909499431175784,-0.12186666955535823,-0.40894898390886314,-0.08525673064175315,-0.2372958521717572,-1.7742689997409007,-0.43812484075847635,-0.5328209826636904,-0.35288699147728475,-0.11813189064103245,0.007488168680028122,0.07492682600084534,0.6539800399008949,-0.41453695213341013,-0.4085691724684704,-0.2629602160773477,-0.03363570664658759,0.18178288250616068
82,1.7434704321932961,-0.20765429596637686,-0.32879797461071497,2.130854415613732,-1.1303883305208782,0.1825830773628486,-0.7909499431175784,-0.12186666955535823,-0.475537182241917,-0.06900602884578928,0.18327172444389506,-1.4460712601091512,0.5341345778932411,-0.5328209826636904,-0.35288699147728475,0.7003365763251667,2.310100037788674,0.9262038973116256,1.9326248484815627,-0.7931010789480439,1.03638566418228,-0.2629602160773477,-0.9530116883199847,-0.9827637085489301
83,1.7434704321932961,-0.20765429596637686,-0.32879797461071497,2.130854415613732,-1.1303883305208782,0.1825830773628486,-0.7909499431175784,-0.12186666955535823,-0.475537182241917,-0.06900602884578928,0.18327172444389506,-1.4460712601091512,0.7035580013414613,-0.5328209826636904,-0.35288699147728475,0.7003365763251667,2.310100037788674,0.9632159438903544,1.9326248484815627,-0.7931010789480439,1.03638566418228,-0.2629602160773477,-0.9530116883199847,-0.9827637085489301
84,1.7434704321932961,-0.20765429596637686,-0.32879797461071497,2.130854415613732,-1.1303883305208782,0.1825830773628486,-0.7909499431175784,-0.12186666955535823,-0.475537182241917,-0.06900602884578928,0.18327172444389506,-1.4460712601091512,0.7131843322192011,-0.5328209826636904,-0.35288699147728475,0.7003365763251667,2.310100037788674,0.9632159438903544,1.9326248484815627,-0.7931010789480439,1.03638566418228,-0.2629602160773477,-0.9530116883199847,-0.9827637085489301
85,0.13350899705984703,-0.20765429596637686,-0.32879797461071497,-0.46929531772445277,0.8846517369293827,-0.8290258647826642,-0.7909499431175784,-0.12186666955535823,-0.40894898390886314,-0.13400883602964708,-0.2372958521717572,-0.8717252157535934,-0.36688999226320196,-0.5328209826636904,-0.35288699147728475,-0.11813189064103245,0.007488168680028122,0.07492682600084534,0.6539800399008949,-0.41453695213341013,-0.4085691724684704,-0.2629602160773477,-0.03363570664658759,0.18178288250616068
86,0.13350899705984703,-0.20765429596637686,-0.32879797461071497,-0.46929531772445277,0.8846517369293827,-0.8290258647826642,-0.7909499431175784,-0.12186666955535823,-0.40894898390886314,-0.13400883602964708,-0.2372958521717572,-0.8717252157535934,-0.2898793452412838,-0.5328209826636904,-0.35288699147728475,-0.11813189064103245,0.007488168680028122,0.07492682600084534,0.6539800399008949,-0.41453695213341013,-0.4085691724684704,-0.2629602160773477,-0.03363570664658759,0.18178288250616068
87,0.13350899705984703,-0.20765429596637686,-0.32879797461071497,2.130854415613732,0.8846517369293827,-0.8290258647826642,-0.7909499431175784,-0.12186666955535823,-0.40894898390886314,-0.13400883602964708,-0.2372958521717572,-0.8717252157535934,-0.2937298775923797,-0.5328209826636904,-0.35288699147728475,-0.40700311427616154,2.310100037788674,-0.5912900124162876,0.6539800399008949,-0.6669130366764994,0.30123320343014376,0.7878554622044521,-0.3400943672043866,-0.10935376525761202
88,-1.476452438073602,-0.20765429596637686,-0.32879797461071497,-0.46929531772445277,0.8846517369293827,-0.8290258647826642,-0.7909499431175784,-0.12186666955535823,-0.40894898390886314,-0.13400883602964708,-0.2372958521717572,-0.8717252157535934,-0.2937298775923797,-0.5328209826636904,-0.35288699147728475,-0.40700311427616154,2.310100037788674,-0.5912900124162876,0.6539800399008949,-0.6669130366764994,0.30123320343014376,0.7878554622044521,-0.3400943672043866,-0.10935376525761202
89,0.13350899705984703,-0.07251419859143324,-0.32879797461071497,-0.46929531772445277,-1.1303883305208782,-0.8290258647826642,-0.7909499431175784,-0.12186666955535823,-0.7085958764076113,-0.7109087497863971,-0.9849715439329279,0.3179915904114915,-1.2833166918240289,-0.5328209826636904,-0.35288699147728475,-0.7199469398808848,0.007488168680028122,-0.6653141055737468,0.11055599625411121,-0.18739847604462975,-0.8902207846853871,0.1573660552353722,0.8857402750268095,0.9096245019155924
90,0.13350899705984703,-0.07251419859143324,3.0413812651491106,-0.46929531772445277,-1.1303883305208782,-0.8290258647826642,-0.7909499431175784,-0.12186666955535823,-0.7085958764076113,-0.7109087497863971,-0.9849715439329279,0.3179915904114915,-1.0368826213538904,-0.5328209826636904,-0.35288699147728475,-0.5755113280633202,0.7750254583829099,-1.257506850833419,0.6859461601154123,2.967302580743985,-1.2451219726346943,-0.6832864873900676,3.030950898931403,2.802012712380115
91,0.13350899705984703,-0.07251419859143324,-0.32879797461071497,-0.46929531772445277,-1.1303883305208782,-0.8290258647826642,-0.7909499431175784,-0.12186666955535823,-0.7085958764076113,-0.7109087497863971,-0.9849715439329279,0.3179915904114915,-1.2274839727331381,-0.5328209826636904,-0.35288699147728475,-0.7199469398808848,0.007488168680028122,-0.6653141055737468,0.11055599625411121,-0.18739847604462975,-0.8902207846853871,0.1573660552353722,0.8857402750268095,0.9096245019155924
92,0.13350899705984703,-0.07251419859143324,-0.32879797461071497,-0.46929531772445277,0.8846517369293827,-0.8290258647826642,-0.7909499431175784,-0.12186666955535823,-0.7085958764076113,-0.7109087497863971,-0.9849715439329279,0.3179915904114915,-1.188978649222179,-0.5328209826636904,-0.35288699147728475,-0.7199469398808848,0.007488168680028122,-0.6653141055737468,0.11055599625411121,-0.18739847604462975,-0.8902207846853871,0.1573660552353722,0.8857402750268095,0.9096245019155924
93,0.13350899705984703,-0.07251419859143324,-0.32879797461071497,-0.46929531772445277,0.8846517369293827,1.1941920195083613,-0.7909499431175784,-0.12186666955535823,-0.7085958764076113,-0.3127665557852613,-0.9849715439329279,-0.09225558412819312,-1.0234057581250549,-0.5328209826636904,-0.35288699147728475,-0.7199469398808848,0.007488168680028122,-0.6653141055737468,0.11055599625411121,-0.18739847604462975,-0.8902207846853871,0.1573660552353722,0.8857402750268095,0.9096245019155924
94,0.13350899705984703,-0.07251419859143324,-0.32879797461071497,-0.46929531772445277,-1.1303883305208782,-0.8290258647826642,-0.7909499431175784,-0.12186666955535823,-0.7085958764076113,-0.7109087497863971,-0.9849715439329279,0.3179915904114915,-1.1639501889400556,-0.5328209826636904,-0.35288699147728475,-0.7199469398808848,0.007488168680028122,-0.6653141055737468,0.11055599625411121,-0.18739847604462975,-0.8902207846853871,0.1573660552353722,0.8857402750268095,0.9096245019155924
95,0.13350899705984703,-0.07251419859143324,-0.32879797461071497,-0.46929531772445277,-1.1303883305208782,0.1825830773628486,-0.7909499431175784,-0.12186666955535823,-0.7085958764076113,-0.6865326970924512,-0.9849715439329279,-0.17430501903613121,-1.015704693422863,-0.5328209826636904,-0.35288699147728475,-0.7199469398808848,0.007488168680028122,-0.6653141055737468,0.11055599625411121,-0.18739847604462975,-0.8902207846853871,0.1573660552353722,0.8857402750268095,0.9096245019155924
96,0.13350899705984703,-0.07251419859143324,-0.32879797461071497,-0.46929531772445277,0.8846517369293827,-0.8290258647826642,-0.7909499431175784,-0.12186666955535823,-0.7085958764076113,-0.7109087497863971,-0.9849715439329279,0.3179915904114915,-1.1254448654290965,-0.5328209826636904,-0.35288699147728475,-0.7199469398808848,0.007488168680028122,-0.6653141055737468,0.11055599625411121,-0.18739847604462975,-0.8902207846853871,0.1573660552353722,0.8857402750268095,0.9096245019155924
97,0.13350899705984703,-0.07251419859143324,-0.32879797461071497,-0.46929531772445277,0.8846517369293827,1.1941920195083613,-0.7909499431175784,-0.12186666955535823,-0.7085958764076113,-0.3127665557852613,-0.9849715439329279,-0.09225558412819312,-0.9983772978429314,-0.5328209826636904,-0.35288699147728475,-0.7199469398808848,0.007488168680028122,-0.6653141055737468,0.11055599625411121,-0.18739847604462975,-0.8902207846853871,0.1573660552353722,0.8857402750268095,0.9096245019155924
98,0.9384897146265716,-0.07251419859143324,-0.32879797461071497,-0.46929531772445277,-1.1303883305208782,2.2058009616538743,-0.7909499431175784,-0.12186666955535823,-0.6087135789080294,-0.9465439258278872,-0.9849715439329279,-0.17430501903613121,-1.054210016933822,-0.5328209826636904,-0.35288699147728475,-0.7199469398808848,0.007488168680028122,-0.6653141055737468,0.11055599625411121,-0.18739847604462975,-0.8902207846853871,0.1573660552353722,0.8857402750268095,0.9096245019155924
99,-0.6714717205068775,-0.07251419859143324,-0.32879797461071497,-0.46929531772445277,0.8846517369293827,0.1825830773628486,-0.7909499431175784,-0.12186666955535823,-0.25912553765948787,-0.052755327049823095,-0.33075531364190436,0.40004102531942964,-0.44582590546066814,-0.5328209826636904,-0.35288699147728475,-0.16627709458022064,0.007488168680028122,0.0009027328433861145,0.6859461601154123,-0.41453695213341013,-0.180418408786773,0.1573660552353722,0.2728229539112114,0.4729195302699334
100,-0.6714717205068775,-0.07251419859143324,-0.32879797461071497,-0.46929531772445277,0.8846517369293827,-0.8290258647826642,-0.7909499431175784,-0.12186666955535823,-0.25912553765948787,-0.052755327049823095,-0.33075531364190436,0.40004102531942964,-0.4881817613227232,-0.5328209826636904,-0.35288699147728475,-0.16627709458022064,0.007488168680028122,0.0009027328433861145,0.6859461601154123,-0.41453695213341013,-0.180418408786773,0.1573660552353722,0.2728229539112114,0.4729195302699334
101,-0.6714717205068775,-0.07251419859143324,-0.32879797461071497,-0.46929531772445277,0.8846517369293827,-0.8290258647826642,-0.7909499431175784,-0.12186666955535823,0.27358004900495464,0.6216487974827147,0.2767311859140422,0.5641398951353029,1.0385543158868056,0.913911486820502,1.502031809877672,1.302151625565019,-0.7600491210228537,0.3710231986306822,0.046623755825077745,-0.2883489098618655,1.2138362581569333,0.1573660552353722,-1.2594703488777836,-1.273900356312703
102,-0.6714717205068775,-0.07251419859143324,-0.32879797461071497,-0.46929531772445277,0.8846517369293827,1.1941920195083613,-0.7909499431175784,-0.12186666955535823,0.27358004900495464,0.8572839735242048,0.2767311859140422,0.9743870696749876,1.4255328171719446,0.913911486820502,1.502031809877672,1.302151625565019,-0.7600491210228537,0.3710231986306822,0.046623755825077745,-0.2883489098618655,1.2138362581569333,0.1573660552353722,-1.2594703488777836,-1.273900356312703
103,-0.6714717205068775,-0.07251419859143324,-0.32879797461071497,-0.46929531772445277,0.8846517369293827,-0.8290258647826642,-0.7909499431175784,-0.12186666955535823,0.27358004900495464,0.8572839735242048,0.2767311859140422,0.5641398951353029,0.9711699997426271,0.913911486820502,1.502031809877672,1.302151625565019,-0.7600491210228537,0.3710231986306822,0.046623755825077745,-0.2883489098618655,1.2138362581569333,0.1573660552353722,-0.9530116883199847,-0.8371953846670438
104,1.7434704321932961,-0.07251419859143324,-0.32879797461071497,-0.46929531772445277,-1.1303883305208782,0.1825830773628486,0.9339940817665022,-0.12186666955535823,-1.2413014630720538,-0.27213980129534926,0.9309474162050657,-1.6511948473789937,0.9923479276736545,0.913911486820502,1.502031809877672,1.302151625565019,-0.7600491210228537,0.3710231986306822,0.046623755825077745,-0.2883489098618655,1.4166369369851088,0.1573660552353722,-0.9530116883199847,-0.8371953846670438
105,1.7434704321932961,-0.07251419859143324,-0.32879797461071497,2.130854415613732,-1.1303883305208782,0.1825830773628486,0.9339940817665022,-0.12186666955535823,-1.2413014630720538,-0.27213980129534926,0.9309474162050657,-1.6511948473789937,1.1232660276109157,0.913911486820502,1.502031809877672,1.302151625565019,-0.7600491210228537,0.3710231986306822,0.046623755825077745,-0.5912002113135727,2.430640331125986,0.1573660552353722,-1.2594703488777836,-1.1283320324308166
106,0.13350899705984703,-0.07251419859143324,-0.32879797461071497,-0.46929531772445277,-1.1303883305208782,0.1825830773628486,0.9339940817665022,-0.12186666955535823,0.07381545400578841,0.36163756874727887,0.9309474162050657,-1.6511948473789937,1.1232660276109157,0.913911486820502,1.502031809877672,1.302151625565019,-0.7600491210228537,0.3710231986306822,0.046623755825077745,-0.2883489098618655,1.4166369369851088,0.1573660552353722,-0.9530116883199847,-0.8371953846670438
107,-0.6714717205068775,0.0626258987835104,-0.32879797461071497,-0.46929531772445277,0.8846517369293827,-0.8290258647826642,0.9339940817665022,-0.12186666955535823,1.5221087677497407,1.0279163423818347,1.1645960698804303,1.220535374398799,0.8941593527207089,2.3606439563046946,-0.35288699147728475,-0.16627709458022064,-0.7600491210228537,0.4820593383668702,-0.20910520589105608,-0.43977456058771897,-0.180418408786773,-0.2629602160773477,-0.9530116883199847,-0.9827637085489301
108,-0.6714717205068775,0.0626258987835104,3.0413812651491106,2.130854415613732,0.8846517369293827,-0.8290258647826642,0.9339940817665022,-0.12186666955535823,1.5221087677497407,1.0279163423818347,1.1645960698804303,1.220535374398799,1.234931465792697,2.3606439563046946,-0.35288699147728475,0.6040461684467903,0.7750254583829099,1.3703484562563808,0.8457767611879953,2.740164104655205,-0.23111857849381687,-2.049346869156407,0.42605228419011093,0.32735120638804704
109,-0.6714717205068775,0.0626258987835104,-0.32879797461071497,-0.46929531772445277,0.8846517369293827,1.1941920195083613,0.9339940817665022,-0.12186666955535823,2.5708728914953607,2.019209151935689,1.1645960698804303,2.041029723478168,1.2984652495857796,2.3606439563046946,-0.35288699147728475,-0.16627709458022064,-0.7600491210228537,0.4820593383668702,-0.20910520589105608,-0.43977456058771897,-0.180418408786773,-0.2629602160773477,-0.9530116883199847,-0.9827637085489301
110,-0.6714717205068775,0.0626258987835104,3.0413812651491106,2.130854415613732,0.8846517369293827,1.1941920195083613,0.9339940817665022,-0.12186666955535823,2.5708728914953607,2.019209151935689,1.1645960698804303,2.041029723478168,1.6835184846953706,2.3606439563046946,-0.35288699147728475,0.6040461684467903,0.7750254583829099,1.3703484562563808,0.8457767611879953,2.740164104655205,-0.23111857849381687,-2.049346869156407,-0.03363570664658759,-0.8371953846670438
111,-0.6714717205068775,0.0626258987835104,-0.32879797461071497,-0.46929531772445277,0.8846517369293827,-0.8290258647826642,0.9339940817665022,-0.12186666955535823,1.5221087677497407,1.0279163423818347,1.1645960698804303,1.220535374398799,1.0000489923758464,2.3606439563046946,-0.35288699147728475,-0.16627709458022064,-0.7600491210228537,0.4820593383668702,-3.405717227342726,-0.43977456058771897,-0.23111857849381687,-0.2629602160773477,-0.9530116883199847,-0.9827637085489301
112,-0.6714717205068775,0.0626258987835104,3.0413812651491106,2.130854415613732,0.8846517369293827,-0.8290258647826642,0.9339940817665022,-0.12186666955535823,1.5221087677497407,1.0279163423818347,1.1645960698804303,1.220535374398799,1.3408211054478345,2.3606439563046946,-0.35288699147728475,0.6040461684467903,0.7750254583829099,1.3703484562563808,0.8457767611879953,2.740164104655205,-0.23111857849381687,-2.049346869156407,0.42605228419011093,0.32735120638804704
113,-0.6714717205068775,0.0626258987835104,-0.32879797461071497,-0.46929531772445277,0.8846517369293827,1.1941920195083613,0.9339940817665022,-0.12186666955535823,2.5708728914953607,2.019209151935689,1.1645960698804303,1.220535374398799,1.404354889240917,2.3606439563046946,-0.35288699147728475,-0.16627709458022064,-0.7600491210228537,0.4820593383668702,-3.405717227342726,-0.43977456058771897,-0.23111857849381687,-0.2629602160773477,-0.9530116883199847,-0.9827637085489301
114,-0.6714717205068775,0.0626258987835104,3.0413812651491106,2.130854415613732,0.8846517369293827,1.1941920195083613,0.9339940817665022,-0.12186666955535823,2.5708728914953607,2.019209151935689,1.1645960698804303,2.041029723478168,1.7894081243505082,2.3606439563046946,-0.35288699147728475,0.6040461684467903,0.7750254583829099,1.3703484562563808,0.8457767611879953,2.740164104655205,-0.23111857849381687,-2.049346869156407,-0.03363570664658759,-0.8371953846670438
115,-0.6714717205068775,0.0626258987835104,-0.32879797461071497,-0.46929531772445277,0.8846517369293827,-0.8290258647826642,0.9339940817665022,-0.12186666955535823,1.5221087677497407,1.0279163423818347,1.1645960698804303,1.220535374398799,1.0000489923758464,2.3606439563046946,-0.35288699147728475,-0.16627709458022064,-0.7600491210228537,0.4820593383668702,-0.20910520589105608,-0.43977456058771897,-0.180418408786773,-0.2629602160773477,-0.9530116883199847,-0.9827637085489301
116,-0.6714717205068775,0.0626258987835104,3.0413812651491106,2.130854415613732,0.8846517369293827,-0.8290258647826642,0.9339940817665022,-0.12186666955535823,1.5221087677497407,1.0279163423818347,1.1645960698804303,1.220535374398799,1.3408211054478345,2.3606439563046946,-0.35288699147728475,0.6040461684467903,0.7750254583829099,1.3703484562563808,0.8457767611879953,2.740164104655205,-0.23111857849381687,-2.049346869156407,0.42605228419011093,0.32735120638804704
117,-0.6714717205068775,0.0626258987835104,-0.32879797461071497,2.130854415613732,0.8846517369293827,-0.8290258647826642,0.9339940817665022,-0.12186666955535823,1.5387558173330036,1.0279163423818347,1.1178663391453534,0.9333623522210185,1.1059386320309839,2.3606439563046946,-0.35288699147728475,0.17073933299409666,-0.7600491210228537,1.0372400370478136,-0.14517296546202263,-0.7931010789480439,0.960335409621714,0.998018597860812,-1.1062410185988842,-0.9827637085489301
118,0.13350899705984703,0.19776599615845403,-0.32879797461071497,-0.46929531772445277,-1.1303883305208782,0.1825830773628486,-0.7909499431175784,-0.12186666955535823,-0.8417722730737214,-1.360936821624989,-0.9849715439329279,-1.1999229553853428,-1.2274839727331381,-0.5328209826636904,-0.35288699147728475,-0.8884551536680434,0.007488168680028122,-1.3315309439908782,-0.08124072503298917,-0.18739847604462975,-0.9155708695389091,0.7878554622044521,1.8051162567002066,1.4918977974431378
119,0.13350899705984703,0.19776599615845403,-0.32879797461071497,2.130854415613732,-1.1303883305208782,0.1825830773628486,-0.7909499431175784,-0.12186666955535823,-0.8417722730737214,-1.360936821624989,-0.9849715439329279,-1.1999229553853428,-0.8231780758680675,-0.5328209826636904,-0.35288699147728475,-0.6958743379112906,2.310100037788674,-1.1094586645185023,0.43021719839927847,-0.6416754282221906,-0.05366798451916333,0.7878554622044521,-0.18686503692548712,-0.10935376525761202
120,0.13350899705984703,0.19776599615845403,-0.32879797461071497,-0.46929531772445277,0.8846517369293827,0.1825830773628486,-0.7909499431175784,-0.12186666955535823,-0.8417722730737214,-1.360936821624989,-0.9849715439329279,-1.281972390293278,-1.1331459301312883,-0.5328209826636904,-0.35288699147728475,-0.8884551536680434,0.007488168680028122,-1.3315309439908782,-0.08124072503298917,-0.18739847604462975,-0.9155708695389091,0.7878554622044521,0.8857402750268095,1.0551928257974788
121,0.13350899705984703,0.19776599615845403,-0.32879797461071497,-0.46929531772445277,0.8846517369293827,-0.8290258647826642,-0.7909499431175784,-0.12186666955535823,-0.8417722730737214,-0.548401731826749,-0.9849715439329279,-1.1999229553853428,-1.0907900742692331,-0.5328209826636904,-0.35288699147728475,-0.8884551536680434,0.007488168680028122,-1.3315309439908782,-0.08124072503298917,-0.18739847604462975,-0.9155708695389091,0.7878554622044521,0.8857402750268095,1.0551928257974788
122,0.13350899705984703,0.19776599615845403,-0.32879797461071497,-0.46929531772445277,0.8846517369293827,-0.8290258647826642,-0.7909499431175784,-0.12186666955535823,-0.8417722730737214,-0.548401731826749,-0.9849715439329279,-1.1999229553853428,-0.7018863068085462,-0.5328209826636904,-0.35288699147728475,-0.6958743379112906,0.007488168680028122,-1.3315309439908782,-0.08124072503298917,-0.18739847604462975,-0.9155708695389091,0.7878554622044521,0.8857402750268095,1.0551928257974788
123,-1.476452438073602,0.19776599615845403,-0.32879797461071497,-0.46929531772445277,0.8846517369293827,1.1941920195083613,-0.7909499431175784,-0.12186666955535823,0.7563444869196039,0.04474888372596479,-0.6111336980523459,2.492301615471819,-0.039594742420049546,-0.5328209826636904,-0.35288699147728475,-0.11813189064103245,0.007488168680028122,0.07492682600084534,0.6539800399008949,-0.41453695213341013,-0.4085691724684704,-0.2629602160773477,-0.18686503692548712,-0.10935376525761202
124,1.7434704321932961,0.19776599615845403,-0.32879797461071497,2.130854415613732,-1.1303883305208782,0.1825830773628486,0.9339940817665022,-0.12186666955535823,-0.475537182241917,-0.06900602884578928,0.18327172444389506,-1.4460712601091512,0.5052555852600219,-0.5328209826636904,-0.35288699147728475,0.7003365763251667,2.310100037788674,0.9632159438903544,1.9326248484815627,-0.7931010789480439,1.03638566418228,-0.2629602160773477,-0.9530116883199847,-0.9827637085489301
125,1.7434704321932961,0.4680461909083413,-0.32879797461071497,-0.46929531772445277,-1.1303883305208782,0.1825830773628486,0.9339940817665022,-0.12186666955535823,-0.7085958764076113,-0.4183961174590311,1.1178663391453534,-1.4460712601091512,0.4282449382381036,-0.5328209826636904,-0.35288699147728475,0.5799735664771962,-0.7600491210228537,2.2586375741458897,-0.46483416760718993,-0.16216086759032092,0.985685494475236,0.7878554622044521,-0.9530116883199847,-0.5460587369032711
126,1.7434704321932961,0.3329060935333977,-0.32879797461071497,-0.46929531772445277,-1.1303883305208782,2.2058009616538743,0.9339940817665022,8.205689083394114,-1.5409483555708021,-0.4183961174590311,-0.4242147751120515,-0.8717252157535934,0.38588908237604863,0.19054525207840584,1.502031809877672,1.6150954511697422,-0.7600491210228537,1.5183966425712994,-1.1361226921120404,-0.16216086759032092,2.60809092510064,1.6285080048298919,-1.2594703488777836,-0.8371953846670438
127,1.7434704321932961,0.4680461909083413,-0.32879797461071497,-0.46929531772445277,-1.1303883305208782,2.2058009616538743,0.9339940817665022,8.205689083394114,-1.5409483555708021,-0.4183961174590311,-0.4242147751120515,-0.8717252157535934,0.38588908237604863,0.19054525207840584,1.502031809877672,1.6150954511697422,-0.7600491210228537,1.5183966425712994,-1.1361226921120404,-0.16216086759032092,2.60809092510064,1.6285080048298919,-1.2594703488777836,-0.8371953846670438
128,1.7434704321932961,0.4680461909083413,-0.32879797461071497,-0.46929531772445277,-1.1303883305208782,3.2174099037993873,0.9339940817665022,8.205689083394114,-1.5409483555708021,-0.4183961174590311,-0.4242147751120515,-0.8717252157535934,0.47060079410015865,0.19054525207840584,1.502031809877672,1.6150954511697422,-0.7600491210228537,1.5183966425712994,-1.1361226921120404,-0.16216086759032092,2.60809092510064,1.6285080048298919,-1.2594703488777836,-0.8371953846670438
129,0.13350899705984703,0.4680461909083413,-0.32879797461071497,-0.46929531772445277,-1.1303883305208782,0.1825830773628486,0.9339940817665022,-0.12186666955535823,-0.05936094266032163,0.13412774360377072,2.98705556854827,-1.322997107747247,1.5603014494603014,3.807376425788887,3.3569506112326284,1.831748868896089,-0.7600491210228537,2.2586375741458897,-0.46483416760718993,-0.035972825318776304,4.661447798235916,1.313263301345352,-1.2594703488777836,-0.4004904130213847
130,-0.6714717205068775,0.6031862882832849,-0.32879797461071497,-0.46929531772445277,0.8846517369293827,1.1941920195083613,-0.7909499431175784,-0.12186666955535823,-0.44224308307539123,0.6053980956867508,0.2767311859140422,0.6051646125892719,0.0451169693040605,-0.5328209826636904,-0.35288699147728475,0.12259412905490848,-0.7600491210228537,0.4820593383668702,2.0604893293396294,-0.36406173522479246,-0.3578690027614265,-0.052797080420987755,-0.3400943672043866,0.03621455862427433
131,0.9384897146265716,0.6031862882832849,-0.32879797461071497,-0.46929531772445277,-1.1303883305208782,0.1825830773628486,-0.7909499431175784,-0.12186666955535823,-0.44224308307539123,0.22350660348157897,0.3234609166491125,-1.322997107747247,-0.18398970558614622,-0.5328209826636904,-0.35288699147728475,0.12259412905490848,-0.7600491210228537,0.4820593383668702,2.0604893293396294,-0.36406173522479246,-0.3578690027614265,-0.052797080420987755,-0.3400943672043866,0.03621455862427433
132,1.7434704321932961,0.7383263856582286,-0.32879797461071497,-0.46929531772445277,-1.1303883305208782,0.1825830773628486,-0.7909499431175784,-0.12186666955535823,0.057168404422523175,1.0197909914838528,0.2767311859140422,0.9743870696749876,0.19721299717234897,-0.5328209826636904,-0.35288699147728475,-0.14220449261062654,-0.7600491210228537,0.7781557109967071,-0.5926986484652568,-0.21011232365350774,0.14913269430901213,0.2624476230635522,-0.6465530277621856,-0.4004904130213847
133,0.9384897146265716,0.7383263856582286,-0.32879797461071497,-0.46929531772445277,0.8846517369293827,-0.8290258647826642,-0.7909499431175784,-0.12186666955535823,0.057168404422523175,1.0197909914838528,0.2767311859140422,0.9743870696749876,0.2684478456676233,-0.5328209826636904,-0.35288699147728475,-0.14220449261062654,-0.7600491210228537,0.7781557109967071,-0.5926986484652568,-0.2126360844989386,0.14913269430901213,0.2624476230635522,-0.6465530277621856,-0.4004904130213847
134,1.7434704321932961,0.7383263856582286,-0.32879797461071497,-0.46929531772445277,-1.1303883305208782,0.1825830773628486,-0.7909499431175784,-0.12186666955535823,0.057168404422523175,1.0197909914838528,0.2767311859140422,0.9743870696749876,0.2915510397741988,-0.5328209826636904,-0.35288699147728475,-0.14220449261062654,-0.7600491210228537,-2.9230489468762504,-3.7893106699169268,-0.2126360844989386,0.14913269430901213,0.2624476230635522,-0.6465530277621856,-0.4004904130213847
135,0.9384897146265716,0.7383263856582286,-0.32879797461071497,-0.46929531772445277,0.8846517369293827,-0.8290258647826642,-0.7909499431175784,-0.12186666955535823,0.057168404422523175,1.0197909914838528,0.2767311859140422,0.9743870696749876,0.3897396147271445,-0.5328209826636904,-0.35288699147728475,-0.14220449261062654,-0.7600491210228537,0.7781557109967071,-0.5926986484652568,-0.2126360844989386,0.14913269430901213,0.2624476230635522,-0.6465530277621856,-0.4004904130213847
136,1.7434704321932961,0.7383263856582286,-0.32879797461071497,2.130854415613732,-1.1303883305208782,0.1825830773628486,-0.7909499431175784,-0.12186666955535823,0.057168404422523175,1.0197909914838528,0.2767311859140422,0.9743870696749876,0.48600292350454233,1.6372777215625984,-0.35288699147728475,-0.14220449261062654,-0.7600491210228537,0.7781557109967071,-0.5926986484652568,-0.2883489098618655,1.4166369369851088,0.7878554622044521,-0.9530116883199847,-0.6916270607851575
137,0.9384897146265716,0.7383263856582286,-0.32879797461071497,2.130854415613732,0.8846517369293827,-0.8290258647826642,-0.7909499431175784,-0.12186666955535823,0.057168404422523175,1.0197909914838528,0.2767311859140422,0.9743870696749876,0.5610883043509126,1.6372777215625984,-0.35288699147728475,-0.14220449261062654,-0.7600491210228537,0.7781557109967071,-0.5926986484652568,-0.2883489098618655,1.4166369369851088,0.7878554622044521,-0.9530116883199847,-0.6916270607851575
138,0.9384897146265716,0.8734664830331722,-0.32879797461071497,-0.46929531772445277,-1.1303883305208782,0.1825830773628486,-0.7909499431175784,-0.12186666955535823,-0.8417722730737214,-1.393438225216919,-1.1718904668732189,-0.010206149220255032,-0.9733488375608079,0.19054525207840584,-0.35288699147728475,-0.7199469398808848,0.007488168680028122,1.074252083626544,-2.862293183695942,-0.2883489098618655,-0.8902207846853871,-0.4731233517337077,0.8857402750268095,0.7640561780337061
139,0.9384897146265716,0.8734664830331722,-0.32879797461071497,-0.46929531772445277,-1.1303883305208782,0.1825830773628486,-0.7909499431175784,-0.12186666955535823,-0.8417722730737214,-1.3121847162370952,-1.0784310054030717,-0.010206149220255032,-0.838580205272451,0.19054525207840584,-0.35288699147728475,-0.45514831821534973,0.007488168680028122,1.074252083626544,-1.967241817689474,-0.36406173522479246,-0.7888204452712995,-1.5239390300155076,0.11959362363231192,0.03621455862427433
140,0.9384897146265716,0.8734664830331722,-0.32879797461071497,-0.46929531772445277,-1.1303883305208782,0.1825830773628486,2.6589381066505826,-0.12186666955535823,-0.9083604714067776,-1.360936821624989,-0.9849715439329279,0.8102881998591143,-0.6075482642066964,0.19054525207840584,-0.35288699147728475,-0.45514831821534973,0.007488168680028122,1.074252083626544,-1.967241817689474,-0.36406173522479246,-0.7888204452712995,-1.5239390300155076,0.11959362363231192,0.03621455862427433
141,-0.6714717205068775,0.8734664830331722,-0.32879797461071497,-0.46929531772445277,0.8846517369293827,-0.8290258647826642,-0.7909499431175784,-0.12186666955535823,-0.25912553765948787,-0.16651023962157716,-0.2372958521717572,-0.5025027586678777,-0.7904485508837522,0.19054525207840584,-0.35288699147728475,-0.45514831821534973,0.007488168680028122,1.074252083626544,-1.967241817689474,-0.16216086759032092,-0.5606696815896021,-0.6832864873900676,1.038969605305709,0.9096245019155924
142,-0.6714717205068775,0.8734664830331722,-0.32879797461071497,-0.46929531772445277,0.8846517369293827,-0.8290258647826642,-0.7909499431175784,-0.12186666955535823,-0.25912553765948787,-0.16651023962157716,-0.2372958521717572,-0.5025027586678777,-0.7038115729840941,0.19054525207840584,-0.35288699147728475,-0.45514831821534973,0.007488168680028122,1.074252083626544,-1.967241817689474,-0.16216086759032092,-0.5606696815896021,-1.5239390300155076,0.42605228419011093,0.32735120638804704
143,-0.6714717205068775,0.8734664830331722,-0.32879797461071497,-0.46929531772445277,0.8846517369293827,-0.8290258647826642,-0.7909499431175784,-0.12186666955535823,-0.25912553765948787,-0.16651023962157716,-0.2372958521717572,-0.5025027586678777,-0.4150216466519009,0.19054525207840584,-0.35288699147728475,-0.45514831821534973,-0.7600491210228537,1.074252083626544,-1.967241817689474,-0.2883489098618655,-0.2564686633473388,0.1573660552353722,0.11959362363231192,0.18178288250616068
144,-0.6714717205068775,0.8734664830331722,-0.32879797461071497,-0.46929531772445277,0.8846517369293827,-0.8290258647826642,2.6589381066505826,-0.12186666955535823,-0.29241963682601596,-0.16651023962157716,-0.2372958521717572,0.23594215550355344,-0.32838466875224287,0.19054525207840584,-0.35288699147728475,-0.45514831821534973,0.007488168680028122,1.074252083626544,-1.967241817689474,-0.2883489098618655,-0.5606696815896021,-0.6832864873900676,-0.18686503692548712,-0.8371953846670438
145,-0.6714717205068775,0.8734664830331722,-0.32879797461071497,2.130854415613732,0.8846517369293827,-0.8290258647826642,2.6589381066505826,-0.12186666955535823,-0.29241963682601596,-0.16651023962157716,-0.2372958521717572,0.23594215550355344,-0.08772639680874843,0.19054525207840584,-0.35288699147728475,-0.45514831821534973,-0.7600491210228537,1.074252083626544,-1.967241817689474,-0.6164378197678815,0.17448277916253407,-0.6832864873900676,-0.18686503692548712,-0.2549220891394984
146,-0.6714717205068775,0.8734664830331722,-0.32879797461071497,-0.46929531772445277,0.8846517369293827,1.1941920195083613,-0.7909499431175784,-0.12186666955535823,-0.29241963682601596,-0.04462997615184115,-0.2372958521717572,-0.29737917139803544,-0.5112849554292986,0.19054525207840584,-0.35288699147728475,-0.45514831821534973,0.007488168680028122,1.074252083626544,-1.967241817689474,-0.2883489098618655,-0.5606696815896021,-0.6832864873900676,0.42605228419011093,0.18178288250616068
147,-0.6714717205068775,0.8734664830331722,-0.32879797461071497,-0.46929531772445277,0.8846517369293827,1.1941920195083613,-0.7909499431175784,-0.12186666955535823,-0.29241963682601596,-0.04462997615184115,-0.2372958521717572,-0.29737917139803544,-0.19361603646388598,0.19054525207840584,-0.35288699147728475,-0.45514831821534973,-0.7600491210228537,1.074252083626544,-1.967241817689474,-0.2883489098618655,-0.2564686633473388,0.1573660552353722,-0.03363570664658759,0.03621455862427433
148,-0.6714717205068775,0.8734664830331722,-0.32879797461071497,-0.46929531772445277,0.8846517369293827,1.1941920195083613,2.6589381066505826,-0.12186666955535823,-0.30906668640927887,-0.03650462525385922,-0.2372958521717572,0.4820904602273648,-0.2610003526080644,0.19054525207840584,-0.35288699147728475,-0.45514831821534973,0.007488168680028122,1.074252083626544,-1.967241817689474,-0.2883489098618655,-0.5606696815896021,-0.6832864873900676,-0.3400943672043866,-0.2549220891394984
149,-0.6714717205068775,0.8734664830331722,-0.32879797461071497,2.130854415613732,0.8846517369293827,1.1941920195083613,2.6589381066505826,-0.12186666955535823,-0.30906668640927887,-0.03650462525385922,-0.2372958521717572,0.4820904602273648,0.18181086776796535,0.19054525207840584,-0.35288699147728475,-0.45514831821534973,-0.7600491210228537,1.074252083626544,-1.967241817689474,-0.6164378197678815,0.17448277916253407,-0.6832864873900676,-0.3400943672043866,-1.1283320324308166
150,0.13350899705984703,1.008606580408116,-0.32879797461071497,-0.46929531772445277,-1.1303883305208782,0.1825830773628486,-0.7909499431175784,-0.12186666955535823,-0.5088312814084451,-1.2471819090532372,-1.0784310054030717,0.3179915904114915,-1.0984911389714251,-0.5328209826636904,-0.35288699147728475,-0.8403099497288552,0.007488168680028122,-1.0354345713610429,-0.7205631293233238,-0.2883489098618655,-1.0676713786600407,-0.6832864873900676,1.4986575961424076,1.200761149679365
151,0.13350899705984703,1.008606580408116,-0.32879797461071497,-0.46929531772445277,-1.1303883305208782,0.1825830773628486,-0.7909499431175784,-0.12186666955535823,-0.5088312814084451,-1.2471819090532372,-1.0784310054030717,0.3179915904114915,-0.9926014993162875,-0.5328209826636904,-0.35288699147728475,-0.8403099497288552,0.007488168680028122,-1.0354345713610429,-0.7205631293233238,-0.2883489098618655,-1.0676713786600407,-0.6832864873900676,0.8857402750268095,1.0551928257974788
152,0.13350899705984703,1.008606580408116,-0.32879797461071497,-0.46929531772445277,0.8846517369293827,0.1825830773628486,-0.7909499431175784,-0.12186666955535823,-0.5088312814084451,-1.2471819090532372,-1.0784310054030717,0.3179915904114915,-1.0407331537049864,-0.5328209826636904,-0.35288699147728475,-0.8403099497288552,0.007488168680028122,-1.0354345713610429,-0.7205631293233238,-0.2883489098618655,-1.0676713786600407,-0.6832864873900676,0.8857402750268095,1.0551928257974788
153,-0.6714717205068775,1.008606580408116,-0.32879797461071497,-0.46929531772445277,0.8846517369293827,1.1941920195083613,-0.7909499431175784,-0.12186666955535823,-0.5088312814084451,-0.3533933102751733,-1.0784310054030717,2.2051285932940417,-0.5305376171847782,-0.5328209826636904,-0.35288699147728475,-0.8403099497288552,0.007488168680028122,-1.0354345713610429,-0.7205631293233238,-0.2883489098618655,-1.0676713786600407,-0.6832864873900676,0.8857402750268095,0.9096245019155924
154,-0.6714717205068775,1.008606580408116,-0.32879797461071497,-0.46929531772445277,0.8846517369293827,1.1941920195083613,2.6589381066505826,-0.12186666955535823,-0.5088312814084451,-0.3533933102751733,-1.0784310054030717,2.2051285932940417,-0.5112849554292986,-0.5328209826636904,-0.35288699147728475,-0.8403099497288552,0.007488168680028122,-1.0354345713610429,-0.7205631293233238,-0.2883489098618655,-1.0676713786600407,-0.6832864873900676,0.2728229539112114,0.18178288250616068
155,-0.6714717205068775,1.008606580408116,-0.32879797461071497,-0.46929531772445277,0.8846517369293827,1.1941920195083613,2.6589381066505826,-0.12186666955535823,-0.5088312814084451,-0.3533933102751733,-1.0784310054030717,2.2051285932940417,1.067433308520025,-0.5328209826636904,-0.35288699147728475,-0.8403099497288552,0.007488168680028122,-1.0354345713610429,-0.7205631293233238,-0.2883489098618655,-1.0676713786600407,-0.6832864873900676,0.2728229539112114,0.18178288250616068
156,-0.6714717205068775,1.008606580408116,-0.32879797461071497,-0.46929531772445277,0.8846517369293827,-0.8290258647826642,-0.7909499431175784,-0.12186666955535823,-0.5088312814084451,-0.6296552408065731,-0.7045931595224864,-0.29737917139803544,-0.9136655861188213,-0.5328209826636904,-0.35288699147728475,-0.6958743379112906,0.007488168680028122,-0.5172659192588284,-0.7205631293233238,-0.2883489098618655,-0.8648706998318653,-0.6832864873900676,0.73251094474791,0.9096245019155924
157,-0.6714717205068775,1.008606580408116,-0.32879797461071497,-0.46929531772445277,0.8846517369293827,0.1825830773628486,-0.7909499431175784,-0.12186666955535823,-0.5088312814084451,-0.6296552408065731,-0.7045931595224864,-0.3794286063059735,-0.8597581332034786,-0.5328209826636904,-0.35288699147728475,-0.6958743379112906,0.007488168680028122,-0.5172659192588284,-0.7205631293233238,-0.2883489098618655,-0.8648706998318653,-0.6832864873900676,0.73251094474791,0.9096245019155924
158,-0.6714717205068775,1.008606580408116,3.0413812651491106,-0.46929531772445277,0.8846517369293827,-0.8290258647826642,-0.7909499431175784,-0.12186666955535823,-0.5088312814084451,-0.6296552408065731,-0.7045931595224864,-0.29737917139803544,-0.540163948062518,-0.5328209826636904,-0.35288699147728475,-0.40700311427616154,0.7750254583829099,-0.22116954662899155,0.30235271754121157,3.1187282314698392,-1.2197718877811723,-1.3137758943591475,1.345428265863508,0.7640561780337061
159,-0.6714717205068775,1.008606580408116,3.0413812651491106,-0.46929531772445277,0.8846517369293827,0.1825830773628486,-0.7909499431175784,-0.12186666955535823,-0.5088312814084451,-0.6296552408065731,-0.7045931595224864,-0.3794286063059735,-0.540163948062518,-0.5328209826636904,-0.35288699147728475,-0.40700311427616154,0.7750254583829099,-0.22116954662899155,0.30235271754121157,3.1187282314698392,-1.2197718877811723,-1.3137758943591475,1.958345586979106,2.365307740734456
160,-0.6714717205068775,1.008606580408116,-0.32879797461071497,-0.46929531772445277,0.8846517369293827,-0.8290258647826642,-0.7909499431175784,-0.12186666955535823,-0.5088312814084451,-0.6296552408065731,-0.7045931595224864,-0.29737917139803544,-0.888637125836698,-0.5328209826636904,-0.35288699147728475,-0.6958743379112906,0.007488168680028122,-0.5172659192588284,-0.7205631293233238,-0.2883489098618655,-0.8648706998318653,-0.6832864873900676,1.958345586979106,2.365307740734456
161,-0.6714717205068775,1.008606580408116,-0.32879797461071497,-0.46929531772445277,0.8846517369293827,0.1825830773628486,-0.7909499431175784,-0.12186666955535823,-0.5088312814084451,-0.6296552408065731,-0.7045931595224864,-0.3794286063059735,-0.8347296729213551,-0.5328209826636904,-0.35288699147728475,-0.6958743379112906,0.007488168680028122,-0.5172659192588284,-0.7205631293233238,-0.2883489098618655,-0.8648706998318653,-0.6832864873900676,0.42605228419011093,0.4729195302699334
162,-0.6714717205068775,1.008606580408116,-0.32879797461071497,-0.46929531772445277,0.8846517369293827,-0.8290258647826642,-0.7909499431175784,-0.12186666955535823,-0.5088312814084451,-0.6296552408065731,-0.7045931595224864,-0.3794286063059735,-0.800074881761492,-0.5328209826636904,-0.35288699147728475,-0.6958743379112906,0.007488168680028122,-0.5172659192588284,-0.7205631293233238,-0.2883489098618655,-0.8648706998318653,-0.6832864873900676,0.42605228419011093,0.4729195302699334
163,0.13350899705984703,1.008606580408116,-0.32879797461071497,-0.46929531772445277,-1.1303883305208782,-0.8290258647826642,0.9339940817665022,-0.12186666955535823,-0.7085958764076113,-0.4346468192549973,-0.8915120824627807,-0.46147804121390873,-0.7442421626706013,-0.5328209826636904,-0.35288699147728475,-0.6958743379112906,0.007488168680028122,-0.5172659192588284,-0.7205631293233238,-0.2883489098618655,-0.8648706998318653,-0.6832864873900676,0.5792816144690105,0.4729195302699334
164,0.13350899705984703,1.008606580408116,-0.32879797461071497,-0.46929531772445277,-1.1303883305208782,0.1825830773628486,0.9339940817665022,-0.12186666955535823,-0.7085958764076113,-0.4346468192549973,-0.8915120824627807,-0.46147804121390873,-0.6768578465264228,-0.5328209826636904,-0.35288699147728475,-0.6958743379112906,0.007488168680028122,-0.5172659192588284,-0.7205631293233238,-0.2883489098618655,-0.8648706998318653,-0.6832864873900676,0.5792816144690105,0.4729195302699334
165,0.13350899705984703,1.008606580408116,-0.32879797461071497,-0.46929531772445277,-1.1303883305208782,-0.8290258647826642,0.9339940817665022,-0.12186666955535823,-0.7085958764076113,-0.4346468192549973,-0.8915120824627807,-0.46147804121390873,-0.5594166098179976,1.6372777215625984,-0.35288699147728475,-0.6958743379112906,-0.7600491210228537,-0.33220568636517955,-0.5607325282507394,-0.18739847604462975,0.19983286401605602,3.099649954424412,0.11959362363231192,-0.2549220891394984
166,0.13350899705984703,1.008606580408116,-0.32879797461071497,-0.46929531772445277,-1.1303883305208782,0.1825830773628486,0.9339940817665022,-0.12186666955535823,-0.7085958764076113,-0.4346468192549973,-0.8915120824627807,-0.46147804121390873,-0.49203229367381907,1.6372777215625984,-0.35288699147728475,-0.6958743379112906,-0.7600491210228537,-0.33220568636517955,-0.5607325282507394,-0.18739847604462975,0.19983286401605602,3.099649954424412,0.11959362363231192,-0.2549220891394984
167,0.9384897146265716,1.008606580408116,-0.32879797461071497,-0.46929531772445277,-1.1303883305208782,2.2058009616538743,0.9339940817665022,-0.12186666955535823,-0.05936094266032163,0.17475449809368274,-0.1438363907016167,-0.7076263459377201,-0.029968411542309767,-0.5328209826636904,-0.35288699147728475,0.4596105566292258,-0.7600491210228537,1.074252083626544,0.7818445207589618,-0.2126360844989386,0.30123320343014376,-0.6832864873900676,-0.18686503692548712,-0.10935376525761202
168,0.9384897146265716,1.008606580408116,-0.32879797461071497,-0.46929531772445277,-1.1303883305208782,2.2058009616538743,0.9339940817665022,-0.12186666955535823,-0.05936094266032163,0.17475449809368274,-0.1438363907016167,-0.7076263459377201,-0.037669476244501586,-0.5328209826636904,-0.35288699147728475,0.4596105566292258,-0.7600491210228537,1.074252083626544,0.7818445207589618,-0.2126360844989386,0.30123320343014376,-0.6832864873900676,-0.18686503692548712,-0.10935376525761202
169,0.9384897146265716,1.008606580408116,-0.32879797461071497,-0.46929531772445277,-1.1303883305208782,0.1825830773628486,0.9339940817665022,-0.12186666955535823,-0.05936094266032163,0.17475449809368274,-0.1438363907016167,-0.7076263459377201,-0.008790483611282257,-0.5328209826636904,-0.35288699147728475,0.4596105566292258,-0.7600491210228537,1.074252083626544,0.7818445207589618,-0.2126360844989386,0.30123320343014376,-0.6832864873900676,-0.18686503692548712,-0.10935376525761202
170,0.9384897146265716,1.008606580408116,-0.32879797461071497,-0.46929531772445277,-1.1303883305208782,2.2058009616538743,0.9339940817665022,-0.12186666955535823,-0.05936094266032163,0.17475449809368274,-0.1438363907016167,-0.7076263459377201,0.23764358685885603,-0.5328209826636904,-0.35288699147728475,0.4596105566292258,-0.7600491210228537,1.074252083626544,0.7818445207589618,-0.2126360844989386,0.30123320343014376,-0.6832864873900676,-0.18686503692548712,-0.10935376525761202
171,0.9384897146265716,1.008606580408116,-0.32879797461071497,-0.46929531772445277,-1.1303883305208782,0.1825830773628486,0.9339940817665022,-0.12186666955535823,-0.05936094266032163,0.17475449809368274,-0.1438363907016167,-0.7076263459377201,0.3050279030030345,-0.5328209826636904,-0.35288699147728475,0.4596105566292258,-0.7600491210228537,1.074252083626544,0.7818445207589618,-0.2126360844989386,0.30123320343014376,-0.6832864873900676,-0.18686503692548712,-0.10935376525761202
172,0.9384897146265716,1.008606580408116,-0.32879797461071497,-0.46929531772445277,-1.1303883305208782,3.2174099037993873,0.9339940817665022,-0.12186666955535823,-0.05936094266032163,0.17475449809368274,-0.1438363907016167,-0.29737917139803544,0.8075223748210508,-0.5328209826636904,-0.35288699147728475,0.4596105566292258,-0.7600491210228537,1.074252083626544,0.7818445207589618,-0.2126360844989386,0.30123320343014376,-0.6832864873900676,-0.18686503692548712,-0.10935376525761202
173,-1.476452438073602,1.008606580408116,-0.32879797461071497,-0.46929531772445277,0.8846517369293827,-0.8290258647826642,-0.7909499431175784,-0.12186666955535823,0.6065210406702309,0.12600239270578878,0.2767311859140422,0.4820904602273648,-0.44197537310957224,-0.5328209826636904,-0.35288699147728475,-0.11813189064103245,-0.7600491210228537,-0.07312136031407311,0.9097090016170287,-0.36406173522479246,-0.3071688330543827,-1.9442653013282274,0.5792816144690105,0.4729195302699334
174,-1.476452438073602,1.008606580408116,3.0413812651491106,2.130854415613732,0.8846517369293827,-0.8290258647826642,-0.7909499431175784,-0.12186666955535823,0.6065210406702309,0.12600239270578878,0.2767311859140422,0.4820904602273648,-0.1454843820751871,-0.5328209826636904,-0.35288699147728475,-0.40700311427616154,0.7750254583829099,-0.22116954662899155,0.30235271754121157,3.1187282314698392,-0.7888204452712995,-1.3137758943591475,0.73251094474791,0.32735120638804704
175,-1.476452438073602,1.008606580408116,-0.32879797461071497,-0.46929531772445277,0.8846517369293827,0.1825830773628486,-0.7909499431175784,-0.12186666955535823,0.6065210406702309,0.12600239270578878,0.2767311859140422,0.07184328568768016,-0.27255194966135216,-0.5328209826636904,-0.35288699147728475,-0.11813189064103245,-0.7600491210228537,-0.07312136031407311,0.9097090016170287,-0.36406173522479246,-0.3071688330543827,-1.9442653013282274,0.2728229539112114,0.18178288250616068
176,-1.476452438073602,1.008606580408116,-0.32879797461071497,-0.46929531772445277,0.8846517369293827,-0.8290258647826642,-0.7909499431175784,-0.12186666955535823,0.6065210406702309,0.12600239270578878,0.2767311859140422,0.4820904602273648,-0.27255194966135216,-0.5328209826636904,-0.35288699147728475,-0.11813189064103245,-0.7600491210228537,-0.07312136031407311,0.9097090016170287,-0.36406173522479246,-0.3071688330543827,-1.9442653013282274,0.2728229539112114,0.18178288250616068
177,-1.476452438073602,1.008606580408116,-0.32879797461071497,-0.46929531772445277,0.8846517369293827,0.1825830773628486,-0.7909499431175784,-0.12186666955535823,0.6065210406702309,0.12600239270578878,0.2767311859140422,0.07184328568768016,-0.1878402379372421,-0.5328209826636904,-0.35288699147728475,-0.11813189064103245,-0.7600491210228537,-0.07312136031407311,0.9097090016170287,-0.36406173522479246,-0.3071688330543827,-1.9442653013282274,0.2728229539112114,0.18178288250616068
178,1.7434704321932961,1.008606580408116,-0.32879797461071497,-0.46929531772445277,-1.1303883305208782,0.1825830773628486,0.9339940817665022,-0.12186666955535823,0.68975628858655,0.7679051136463989,0.8374879547349185,-0.7076263459377201,0.8094476409965988,1.6372777215625984,1.502031809877672,1.061425605869078,-0.7600491210228537,-0.22116954662899155,0.30235271754121157,-0.2126360844989386,1.4419870218386308,0.1573660552353722,-0.7997823580410852,-0.9827637085489301
179,1.7434704321932961,1.008606580408116,-0.32879797461071497,-0.46929531772445277,-1.1303883305208782,0.1825830773628486,0.9339940817665022,-0.12186666955535823,0.68975628858655,0.7679051136463989,0.8374879547349185,-0.7076263459377201,0.886458288018517,1.6372777215625984,1.502031809877672,1.061425605869078,-0.7600491210228537,-0.22116954662899155,0.30235271754121157,-0.2126360844989386,1.4419870218386308,0.1573660552353722,-0.9530116883199847,-0.9827637085489301
180,-1.476452438073602,1.008606580408116,-0.32879797461071497,-0.46929531772445277,0.8846517369293827,-0.8290258647826642,0.9339940817665022,-0.12186666955535823,0.9561090819187701,1.117295202259643,0.2767311859140422,0.15389272059561823,1.1078638982065319,1.6372777215625984,1.502031809877672,1.061425605869078,-0.7600491210228537,-0.22116954662899155,0.30235271754121157,-0.23787369295324787,1.3152365975710212,0.1573660552353722,-0.7997823580410852,-0.9827637085489301
181,-1.476452438073602,1.1437466777830594,-0.32879797461071497,-0.46929531772445277,0.8846517369293827,1.1941920195083613,0.9339940817665022,-0.12186666955535823,0.9561090819187701,1.117295202259643,0.2767311859140422,0.15389272059561823,1.146369221717491,1.6372777215625984,1.502031809877672,0.8206995861731371,-0.7600491210228537,-0.22116954662899155,0.30235271754121157,-0.23787369295324787,1.3152365975710212,0.1573660552353722,-0.9530116883199847,-0.9827637085489301
182,0.9384897146265716,1.278886775158003,3.0413812651491106,-0.46929531772445277,-1.1303883305208782,-0.8290258647826642,-0.7909499431175784,-0.12186666955535823,-0.24247848807622502,-0.19088629231552529,-0.19056612143668694,0.8102881998591143,-0.5671176745201894,-0.5328209826636904,-0.35288699147728475,-0.7199469398808848,0.7750254583829099,-1.1834827576759614,0.4621833186137945,3.2449162737413837,-1.32117222719526,-0.6832864873900676,1.8051162567002066,2.2197394168525695
183,0.9384897146265716,1.4140268725329468,-0.32879797461071497,-0.46929531772445277,-1.1303883305208782,-0.8290258647826642,-0.7909499431175784,-0.12186666955535823,-0.24247848807622502,-0.19088629231552529,-0.19056612143668694,0.8102881998591143,-0.667231515648683,-0.5328209826636904,-0.35288699147728475,-0.43107571624575564,-0.7600491210228537,-0.5172659192588284,0.4621833186137945,-0.2883489098618655,-0.4846194270290362,0.2624476230635522,0.2728229539112114,0.4729195302699334
184,0.9384897146265716,1.4140268725329468,3.0413812651491106,-0.46929531772445277,0.8846517369293827,-0.8290258647826642,-0.7909499431175784,-0.12186666955535823,-0.24247848807622502,-0.19088629231552529,-0.19056612143668694,0.8102881998591143,-0.5613418759935455,-0.5328209826636904,-0.35288699147728475,-0.7199469398808848,0.7750254583829099,-1.1834827576759614,0.4621833186137945,3.2449162737413837,-1.32117222719526,-0.6832864873900676,1.8051162567002066,2.2197394168525695
185,0.9384897146265716,1.4140268725329468,-0.32879797461071497,-0.46929531772445277,0.8846517369293827,-0.8290258647826642,-0.7909499431175784,-0.12186666955535823,-0.24247848807622502,-0.19088629231552529,-0.19056612143668694,0.8102881998591143,-0.6614557171220392,-0.5328209826636904,-0.35288699147728475,-0.43107571624575564,-0.7600491210228537,-0.5172659192588284,0.4621833186137945,-0.2883489098618655,-0.4846194270290362,0.2624476230635522,0.2728229539112114,0.4729195302699334
186,0.9384897146265716,1.4140268725329468,-0.32879797461071497,-0.46929531772445277,0.8846517369293827,-0.8290258647826642,-0.7909499431175784,-0.12186666955535823,-0.24247848807622502,-0.19088629231552529,-0.19056612143668694,0.8102881998591143,-0.540163948062518,-0.5328209826636904,-0.35288699147728475,-0.43107571624575564,-0.7600491210228537,-0.5172659192588284,0.4621833186137945,-0.2883489098618655,-0.4846194270290362,0.2624476230635522,0.2728229539112114,0.4729195302699334
187,0.9384897146265716,1.4140268725329468,3.0413812651491106,2.130854415613732,0.8846517369293827,-0.8290258647826642,-0.7909499431175784,-0.12186666955535823,-0.24247848807622502,-0.19088629231552529,-0.19056612143668694,0.8102881998591143,-0.4554522363384079,-0.5328209826636904,-0.35288699147728475,-0.7199469398808848,0.7750254583829099,-1.1834827576759614,0.4621833186137945,3.2449162737413837,-0.9155708695389091,-1.3137758943591475,1.8051162567002066,1.6374661213250241
188,0.9384897146265716,1.4140268725329468,-0.32879797461071497,-0.46929531772445277,0.8846517369293827,-0.8290258647826642,-0.7909499431175784,-0.12186666955535823,-0.24247848807622502,-0.19088629231552529,-0.19056612143668694,0.8102881998591143,-0.49203229367381907,-0.5328209826636904,-0.35288699147728475,-0.43107571624575564,-0.7600491210228537,-0.5172659192588284,0.4621833186137945,-0.035972825318776304,-0.1043681542262072,0.7878554622044521,0.11959362363231192,0.18178288250616068
189,1.7434704321932961,1.684307067282834,-0.32879797461071497,-0.46929531772445277,-1.1303883305208782,3.2174099037993873,-0.7909499431175784,-0.12186666955535823,-0.7085958764076113,-1.1984298036653411,-0.7980526209926335,0.7692634824051452,-0.580594537749025,-0.5328209826636904,-0.35288699147728475,-0.43107571624575564,-0.7600491210228537,-0.5172659192588284,0.4621833186137945,-0.41453695213341013,-0.3578690027614265,0.7878554622044521,-0.18686503692548712,-0.2549220891394984
190,1.7434704321932961,1.684307067282834,-0.32879797461071497,-0.46929531772445277,-1.1303883305208782,0.1825830773628486,-0.7909499431175784,-0.12186666955535823,-0.7085958764076113,-0.6784073461944693,-0.8915120824627807,-0.9537746506615314,-0.6441283215421075,-0.5328209826636904,-0.35288699147728475,-0.43107571624575564,-0.7600491210228537,-0.5172659192588284,0.4621833186137945,-0.41453695213341013,-0.3578690027614265,0.7878554622044521,-0.18686503692548712,-0.2549220891394984
191,-0.6714717205068775,1.4140268725329468,-0.32879797461071497,-0.46929531772445277,0.8846517369293827,-0.8290258647826642,-0.7909499431175784,-0.12186666955535823,0.27358004900495464,0.49976853401297877,0.46365010885433655,0.5641398951353029,0.20298879569899284,-0.5328209826636904,0.5745724092001936,0.21888453693328483,-0.7600491210228537,-0.5172659192588284,0.4621833186137945,-0.41453695213341013,0.14913269430901213,0.7878554622044521,-0.9530116883199847,-0.9827637085489301
192,-0.6714717205068775,1.4140268725329468,3.0413812651491106,2.130854415613732,0.8846517369293827,-0.8290258647826642,-0.7909499431175784,-0.12186666955535823,0.27358004900495464,0.49976853401297877,0.46365010885433655,0.5641398951353029,0.0451169693040605,-0.5328209826636904,-0.35288699147728475,-0.7199469398808848,0.7750254583829099,-1.1834827576759614,0.4621833186137945,3.2449162737413837,-0.9155708695389091,-1.3137758943591475,1.1921989355846085,1.0551928257974788
193,-0.6714717205068775,1.4140268725329468,-0.32879797461071497,-0.46929531772445277,0.8846517369293827,1.1941920195083613,-0.7909499431175784,-0.12186666955535823,0.27358004900495464,0.7354037100544688,0.46365010885433655,0.5641398951353029,0.014312710495293209,-0.5328209826636904,-0.35288699147728475,-0.43107571624575564,-0.7600491210228537,-0.5172659192588284,0.4621833186137945,-0.2883489098618655,-0.4085691724684704,0.7878554622044521,-0.03363570664658759,0.03621455862427433
194,-2.2814331556403267,1.5491669699078905,-0.32879797461071497,-0.46929531772445277,0.8846517369293827,-0.8290258647826642,0.9339940817665022,-0.12186666955535823,0.9228149827522419,1.198548711239467,0.603839301059554,1.0154117871289565,0.6862306057615297,-0.5328209826636904,-0.35288699147728475,0.3392475467812553,-0.7600491210228537,1.6664448288862161,-0.336969686749123,-0.16216086759032092,0.2505330337230999,0.5776923265480921,-0.3400943672043866,-0.4004904130213847
195,-1.476452438073602,1.5491669699078905,-0.32879797461071497,-0.46929531772445277,0.8846517369293827,1.1941920195083613,0.9339940817665022,-0.12186666955535823,0.9228149827522419,1.198548711239467,0.603839301059554,1.5487331140305454,0.9211130791783803,-0.5328209826636904,-0.35288699147728475,0.3392475467812553,-0.7600491210228537,1.6664448288862161,-0.336969686749123,-0.16216086759032092,0.2505330337230999,0.5776923265480921,-0.3400943672043866,-0.4004904130213847
196,-2.2814331556403267,1.5491669699078905,-0.32879797461071497,-0.46929531772445277,0.8846517369293827,-0.8290258647826642,0.9339940817665022,-0.12186666955535823,0.9228149827522419,1.198548711239467,0.603839301059554,1.0154117871289565,0.7305117277991326,-0.5328209826636904,-0.35288699147728475,0.3392475467812553,-0.7600491210228537,1.6664448288862161,-0.336969686749123,-0.16216086759032092,0.2505330337230999,0.5776923265480921,-0.18686503692548712,-0.4004904130213847
197,-1.476452438073602,1.5491669699078905,-0.32879797461071497,-0.46929531772445277,0.8846517369293827,1.1941920195083613,0.9339940817665022,-0.12186666955535823,0.9228149827522419,1.198548711239467,0.603839301059554,1.5487331140305454,0.9365152085827639,-0.5328209826636904,-0.35288699147728475,0.3392475467812553,-0.7600491210228537,1.6664448288862161,-0.336969686749123,-0.16216086759032092,0.2505330337230999,0.5776923265480921,-0.18686503692548712,-0.4004904130213847
198,-2.2814331556403267,1.5491669699078905,-0.32879797461071497,2.130854415613732,0.8846517369293827,-0.8290258647826642,0.9339940817665022,-0.12186666955535823,0.9228149827522419,1.198548711239467,0.603839301059554,1.0154117871289565,0.9422910071094077,-0.5328209826636904,-0.35288699147728475,0.0744489251157203,-0.7600491210228537,1.074252083626544,-0.336969686749123,-0.6669130366764994,1.4673371066921528,-0.052797080420987755,-1.2594703488777836,-1.273900356312703
199,-1.476452438073602,1.5491669699078905,-0.32879797461071497,2.130854415613732,0.8846517369293827,1.1941920195083613,0.9339940817665022,-0.12186666955535823,0.9228149827522419,1.198548711239467,0.603839301059554,1.5487331140305454,1.1579208187707788,-0.5328209826636904,-0.35288699147728475,0.0744489251157203,-0.7600491210228537,1.074252083626544,-0.336969686749123,-0.6669130366764994,1.4673371066921528,-0.052797080420987755,-1.2594703488777836,-1.273900356312703
200,-1.476452438073602,1.5491669699078905,-0.32879797461071497,-0.46929531772445277,0.8846517369293827,-0.8290258647826642,0.9339940817665022,-0.12186666955535823,1.7218733627489047,1.198548711239467,1.3982447235557949,0.7282387649511761,0.7632412527834479,-0.5328209826636904,-0.35288699147728475,0.3392475467812553,-0.7600491210228537,1.6664448288862161,-0.336969686749123,-0.16216086759032092,0.2505330337230999,0.5776923265480921,-0.3400943672043866,-0.4004904130213847
201,-1.476452438073602,1.5491669699078905,-0.32879797461071497,2.130854415613732,0.8846517369293827,-0.8290258647826642,0.9339940817665022,-0.12186666955535823,1.7218733627489047,1.198548711239467,1.351514992820718,0.7282387649511761,0.9499920718115996,-0.5328209826636904,-0.35288699147728475,0.3392475467812553,-0.7600491210228537,1.6664448288862161,-0.336969686749123,-0.36406173522479246,1.4166369369851088,0.36752919089173214,-0.9530116883199847,-0.8371953846670438
202,-1.476452438073602,1.5491669699078905,-0.32879797461071497,-0.46929531772445277,0.8846517369293827,-0.8290258647826642,0.9339940817665022,-0.12186666955535823,1.7218733627489047,1.198548711239467,1.3982447235557949,0.7282387649511761,0.8787572233163252,0.913911486820502,1.502031809877672,1.1095708098082662,-0.7600491210228537,0.9262038973116256,-1.23202105275559,-0.3388241267704832,0.7575347307935386,0.7878554622044521,-1.1062410185988842,-1.1283320324308166
203,-1.476452438073602,1.5491669699078905,3.0413812651491106,2.130854415613732,0.8846517369293827,-0.8290258647826642,0.9339940817665022,-0.12186666955535823,1.7218733627489047,1.198548711239467,1.3982447235557949,0.7282387649511761,1.273436789303656,-0.5328209826636904,1.502031809877672,0.4355379546596317,0.7750254583829099,-1.1834827576759614,0.4621833186137945,3.2449162737413837,0.0477323548949244,-0.6832864873900676,0.11959362363231192,-0.5460587369032711
204,-1.476452438073602,1.5491669699078905,-0.32879797461071497,2.130854415613732,0.8846517369293827,-0.8290258647826642,0.9339940817665022,-0.12186666955535823,1.7218733627489047,1.198548711239467,1.3982447235557949,0.7282387649511761,0.975020532093723,-0.5328209826636904,-0.35288699147728475,0.3392475467812553,-0.7600491210228537,1.6664448288862161,-0.336969686749123,-0.16216086759032092,0.2505330337230999,0.5776923265480921,-0.9530116883199847,-0.8371953846670438
